SearchName,Nationality
Bill_Gates,U.S.
Warren_Buffett,U.S.
Bernard_Arnault,France
Mark_Zuckerberg,U.S.
Amancio_Ortega,Spain
Larry_Ellison,U.S.
Michael_Bloomberg,
Larry_Page,U.S.
Jim_Walton,U.S.
S._Robson_Walton,U.S.
Francoise_Bettencourt_Meyers,France
Mukesh_Ambani,India
Sheldon_Adelson,U.S.
Steve_Ballmer,U.S.
Hui_Ka_Yan,China
Phil_Knight,U.S.
Jorge_Paulo_Lemann,Brazil
Georg_Schaeffler,Germany
Susanne_Klatten,Germany
David_Thomson,
Jacqueline_Mars,
John_Mars,
Giovanni_Ferrero,Italy
Michael_Dell,U.S.
Serge_Dassault,
Yang_Huiyan,China
Thomas_Peterffy,Hungary
"Theo_Albrecht,_Jr.",Germany
Len_Blavatnik,
James_Simons,
Henry_Sy,China
Elon_Musk,South Africa
Hinduja_Family,
Tadashi_Yanai,Japan
Laurene_Powell_Jobs,U.S.
Azim_Premji,India
Lee_Kun-Hee,South Korea
Wang_Wei,
Leonid_Mikhelson,
Charoen_Sirivadhanabhakdi,Thailand
Pallonji_Mistry,Ireland
Ray_Dalio,U.S.
William_Ding,China
R._Budi_Hartono,
Gina_Rinehart,Australia
German_Larrea_Mota_Velasco,Mexico
Michael_Hartono,Indonesia
Thomas_&_Raymond_Kwok,
Vagit_Alekperov,
Donald_Bren,U.S.
Abigail_Johnson,
Vladimir_Potanin,
Lukas_Walton,U.S.
Charlene_De_Carvalho-Heineken,
Zhang_Zhidong,
David_&_Simon_Reuben,
Klaus-Michael_Kuehne,Germany
Li_Shufu,China
Mikhail_Fridman,Russia
Robert_Kuok,Malaysia
Emmanuel_Besnier,France
Shiv_Nadar,India
Viktor_Vekselberg,
Aliko_Dangote,Nigeria
Steve_Cohen,U.S.
Marcel_Herrmann_Telles,Brazil
Reinhold_Wuerth,Germany
Eric_Schmidt,U.S.
Jim_Kennedy,
Blair_Parry-Okeden,U.S.
Alain_Wertheimer,France
Gerard_Wertheimer,France
Heinz_Hermann_Thiele,Germany
Dilip_Shanghvi,India
Stephen_Schwarzman,U.S.
Lei_Jun,
Hans_Rausing,Sweden
Alisher_Usmanov,
Peter_Woo,China
Carlos_Alberto_Sicupira,Brazil
Seo_Jung-Jin,
Kumar_Birla,India
Alexander_Otto,
Stefano_Pessina,Italy
Udo_&_Harald_Tschira,
Lee_Man_Tat,
Xu_Shihui,China
Zhou_Hongyi,China
Gong_Hongjia,China
Michael_Otto,
David_Tepper,U.S.
Liu_Qiangdong,China
Robert_&_Philip_Ng,
Alberto_Bailleres_Gonzalez,Mexico
Uday_Kotak,
Pierre_Omidyar,France
Walter_P.J._Droege,
Eduardo_Saverin,Brazil
Radhakishan_Damani,
German_Khan,
Gautam_Adani,India
Pan_Zhengmin,
"Thomas_Frist,_Jr.",
Mikhail_Prokhorov,
Galen_Weston,England
Eyal_Ofer,Israel
Charles_Schwab,
Gianluigi_&_Rafaela_Aponte,
"Herbert_Kohler,_Jr.",
Harry_Triguboff,China
Yao_Zhenhua,China
Cyrus_Poonawalla,
James_Goodnight,U.S.
Giorgio_Armani,Italy
Savitri_Jindal,
James_Chambers,
James_Irving,
Melker_Schorling,Sweden
Johann_Graf,Austria
John_Malone,U.S.
Xavier_Niel,France
Carl_Cook,U.S.
Walter_Kwok,
George_Soros,Hungary
"Edward_Johnson,_Iii.",
Massimiliana_Landini_Aleotti,
George_Kaiser,U.S.
Patrick_Soon-Shiong,South Africa
Nicky_Oppenheimer,South Africa
Sun_Piaoyang,China
Wu_Yajun,China
Alexei_Kuzmichev,Russia
Stephen_Ross,
Pauline_Macmillan_Keinath,
Jay_Y._Lee,South Korea
Eli_Broad,U.S.
Iskander_Makhmudov,
Frederik_Paulsen,
Christy_Walton,
Ananda_Krishnan,Malaysia
Carrie_Perrodo,
Quek_Leng_Chan,
Wang_Wenxue,China
Eva_Gonda_De_Rivera,
Willi_&_Isolde_Liebherr,
Ricardo_Salinas_Pliego,Mexico
Suh_Kyung-Bae,
Pollyanna_Chu,
John_Fredriksen,Norway
Goh_Cheng_Liang,Singapore
Sri_Prakash_Lohia,India
Jorn_Rausing,Sweden
Johann_Rupert,
Jacques_Saade,
Wu_Shaoxun,
Sandra_Ortega_Mera,Spain
Michael_Platt,England
Chan_Laiwa,China
David_Green,
Hank_&_Doug_Meijer,
Dmitry_Rybolovlev,
Tsai_Eng-Meng,Taiwan
Andreas_Von_Bechtolsheim,
Oleg_Deripaska,
Ann_Walton_Kroenke,
Augusto_&_Giorgio_Perfetti,
Finn_Rausing,Sweden
Kirsten_Rausing,Sweden
Odd_Reitan,Norway
Aloys_Wobben,Germany
Wei_Jianjun,
Erivan_Haub,Germany
Suleiman_Kerimov,Russia
Pang_Kang,China
Kushal_Pal_Singh,India
Guenther_Fielmann,Germany
Daniel_Gilbert,
Akira_Mori,Japan
Maria-Elisabeth_Schaeffler-Thumann,
Richard_Kinder,U.S.
Robert_Kraft,U.S.
Bruno_Schroder,U.K.
Nusli_Wadia,
Benu_Gopal_Bangur,India
David_Cheriton,Canada
Whitney_Macmillan,
Dan_Olsson,Sweden
Abdulla_Bin_Ahmad_Al_Ghurair,
Maria_Asuncion_Aramburuzabala,Mexico
Wolfgang_Marguerre,
Pamela_Mars,
Valerie_Mars,U.S.
Kwon_Hyuk-Bin,
Lin_Yu-Ling,
Tom_&_Judy_Love,
Dennis_Washington,U.S.
Yao_Liangsong,
Zhang_Jindong,China
Juan_Francisco_Beckmann_Vidal,Mexico
John_Tu,China
Martin_Viessmann,Germany
Hansjoerg_Wyss,Switzerland
Jen-Hsun_Huang,Taiwan
Jerry_Jones,U.S.
Kwee_Family,
Lee_Shin_Cheng,Malaysia
Richard_Lefrak,U.S.
Shigenobu_Nagamori,Japan
Steven_Rales,U.S.
Friede_Springer,Germany
Shari_Arison,U.S.
Andrew_Currie,
Scott_Duncan,
Milane_Frantz,U.S.
Magdalena_Martullo-Blocher,Switzerland
Hiroshi_Mikitani,Japan
Gabe_Newell,U.S.
Randa_Williams,U.S.
Zhang_Bangxin,
Zhang_Shiping,China
Jean-Michel_Besnier,France
Michael_Herz,
Wolfgang_Herz,
Kjeld_Kirk_Kristiansen,Denmark
Sofie_Kirk_Kristiansen,
Thomas_Kirk_Kristiansen,
Lam_Wai_Ying,China
Margarita_Louis-Dreyfus,Russia
George_Roberts,
"Edward_Roski,_Jr.",U.S.
Mike_Adenuga,Nigeria
David_Filo,U.S.
Pansy_Ho,
Henry_Kravis,U.S.
Frits_Goldschmeding,
Bruce_Kovner,U.S.
George_Lucas,U.S.
Elisabeth_Mohn,Germany
"Robert_Rich,_Jr.",U.S.
Wang_Chuanfu,China
Pyotr_Aven,Russia
Bernard_Marcus,U.S.
Pedro_Moreira_Salles,
Ronda_Stryker,U.S.
Law_Kar_Po,
Joe_Lewis,
Gabriella_Meister,
Fernando_Roberto_Moreira_Salles,
Joao_Moreira_Salles,
Walther_Moreira_Salles_Junior,
Vichai_Srivaddhanaprabha,Thailand
M.A._Yusuff_Ali,
Robert_Bass,U.S.
Martin_&_Olivier_Bouygues,
Chung_Mong-Koo,
Charles_Dolan,U.S.
Ray_Lee_Hunt,U.S.
John_Overdeck,U.S.
Ajay_Piramal,
"Enrique_Razon,_Jr.",
Sumner_Redstone,U.S.
Paolo_&_Gianfelice_Mario_Rocca,
David_Siegel,
Andrei_Skoch,Russia
Yu_Yong,
Sam_Zell,U.S.
Bajaj_Brothers,
Garrett_Camp,Canada
Bubba_Cathy,U.S.
Dan_Cathy,U.S.
Fu_Liquan,
Philip_&_Cristina_Green,
"Rupert_Johnson,_Jr.",U.S.
Travis_Kalanick,U.S.
Andrei_Kozitsyn,Russia
Murat_Ulker,Turkey
Dirk_Ziff,
Juergen_Blickle,
Stanley_Druckenmiller,U.S.
Lim_Kok_Thay,
Niels_Peter_Louis-Hansen,Denmark
Fredrik_Lundberg,Sweden
Gwendolyn_Sontheim_Meyer,U.S.
Jude_Reyes,U.S.
Sheldon_Solow,U.S.
Lucio_Tan,
Andrej_Babis,Slovakia
Dona_Bertarelli,Italy
Bidzina_Ivanishvili,
Chris_Larsen,U.S.
Patrick_Lee,
Liang_Wengen,China
Denis_O'Brien,Ireland
Kapil_&_Rahul_Bhatia,
Jean-Pierre_Cayard,
Chey_Tae-Won,
Andrei_Guriev,Russia
Ji_Changqun,
"Paul_Tudor_Jones,_Ii.",
Robert_Miller,
Juan_Roig,Spain
John_Sall,
Leonard_Stern,
Ye_Chenghai,
Anthony_Bamford,England
Chu_Mang_Yee,
Juan_Carlos_Escotet,Spain
Miguel_Fluxa_Rossello,Spain
Paul_Gauselmann,
Micky_Jagtiani,Kuwait
Johan_Johannson,
Richard_Li,
John_Morris,
Theo_Mueller,
Wolfgang_Reimann,
Matthias_Reimann-Andersen,
Stefan_Reimann-Andersen,
Renate_Reimann-Haas,
Robert_Smith,
Russ_Weiner,U.S.
Jeronimo_Arango,Mexico
Rainer_Blickle,
Rocco_Commisso,Italy
Tilman_Fertitta,
Nathan_Kirsh,South Africa
Terrence_Pegula,U.S.
Gary_Rollins,U.S.
Alejandro_Santo_Domingo,U.S.
Pham_Nhat_Vuong,Vietnam
Roger_Wang,China
Stephen_Bisciotti,
"Austen_Cargill,_Ii.",
"James_Cargill,_Ii.",
Bobby_Murphy,
Igor_Olenicoff,Russia
Wang_Yusuo,China
Carl_Bennet,Sweden
Arthur_Blank,
Jack_&_Laura_Dangermond,
Fan_Hongwei,
John_Gandel,Australia
James_Jannard,U.S.
Montri_Jiaravanont,Thailand
Pawan_Munjal,
James_Packer,Wales
Michael_Pieper,Switzerland
Hussain_Sajwani,
Evan_Spiegel,U.S.
Wang_Xing,China
Kelcy_Warren,
Ben_Ashkenazy,Israel
Ursula_Bechtolsheimer-Kipp,
Otto_Philipp_Braun,
Dagmar_Dolby,Germany
Traudl_Engelhorn,
Dan_Friedkin,U.S.
Sergei_Galitsky,Russia
Huang_Rulun,China
Ronald_Lauder,
Michael_Moritz,Wales
Naguib_Sawiris,
B.R._Shetty,
Jeff_Sutton,
Yu_Huijiao,
Zhang_Xuexin,
Suhail_Bahwan,
Peter_Hargreaves,U.K.
Daniela_Herz,
Masatoshi_Ito,
Barry_Lam,
Ravi_Pillai,India
Jerry_Speyer,U.S.
Harry_Stine,
George_Ty,
Christoph_Zeller,Germany
Chen_Dongsheng,
Brian_Chesky,U.S.
Gustaf_Douglas,
Jeff_Greene,U.S.
Li_Wa,
Masahiro_Miki,Japan
Katharina_Otto-Bernstein,
Henry_Samueli,
Zeng_Fangqin,
Zhang_Jin,China
Ken_Fisher,
Jaime_Gilinski_Bacal,Colombia
Andreas_Halvorsen,Norway
H._Fisk_Johnson,
Imogene_Powers_Johnson,U.S.
Winifred_Johnson-Marquart,
Viatcheslav_Kantor,
Samvel_Karapetyan,
Mangal_Prabhat_Lodha,
Michael_Milken,U.S.
Yuri_Milner,
Andreas_Struengmann,
Samuel_Yin,Taiwan
Michael_Ashley,
Jeffery_Hildebrand,U.S.
Elizabeth_Johnson,
Lim_Sung-Ki,
Friedhelm_Loh,Germany
Kiran_Mazumdar-Shaw,India
Idan_Ofer,Israel
Qiu_Guanghe,China
Sarath_Ratanavadi,
Gabriele_Volkmann,
Arne_Wilhelmsen,Norway
Anita_Zucker,
Carlo_Benetton,Italy
Gilberto_Benetton,Italy
Giuliana_Benetton,Italy
Luciano_Benetton,Italy
Chen_Bang,
Kuldip_Singh_&_Gurbachan_Singh_Dhingra,
Abilio_Dos_Santos_Diniz,
Judy_Faulkner,U.S.
Joshua_Harris,
Dmitry_Kamenshchik,
Edwin_Leong,
Arnon_Milchan,Israel
Maren_Otto,
Jay_Robert_(J.B.)_Pritzker,
Mitchell_Rales,U.S.
Kjell_Inge_Rokke,Norway
Tahir,
Chairul_Tanjung,Indonesia
Clemens_Toennies,
Somphote_Ahunai,
Riley_Bechtel,
"Stephen_Bechtel,_Jr.",U.S.
Mike_Cannon-Brookes,Australia
Rafael_Del_Pino_Y_Calvo-Sotelo,
Antonio_Del_Valle_Ruiz,
Scott_Farquhar,Australia
Jimmy_Haslam,
Heidi_Horten,Austria
Melissa_Ma,
Rudolf_Maag,
Alexander_Ponomarenko,
Carlos_Rodriguez-Pastor,Peru
Shashi_&_Ravi_Ruia,
Alexander_Skorobogatko,
Sun_Guangxin,China
Rita_Tong_Liu,
Juan-Miguel_Villar_Mir,Spain
Steve_Wynn,U.S.
Anil_Agarwal,
Abdulla_Al_Futtaim,U.A.E.
Sid_Bass,U.S.
Alain_Bouchard,Canada
Vanich_Chaiyawan,Thailand
Chen_Lip_Keong,Malaysia
Charles_S._Cohen,U.S.
Ashwin_Dani,India
Rakesh_Gangwal,India
Reid_Hoffman,U.S.
Zarakh_Iliev,Russia
Ji_Qi,
Kenneth_Langone,U.S.
Li_Sze_Lim,
Liu_Zhongtian,China
Mary_Alice_Dorrance_Malone,U.S.
God_Nisanov,
Alexander_Svetakov,Russia
Hans_Peter_Wild,Germany
Yvonne_Bauer,Germany
Patrizio_Bertelli,Italy
Neil_Bluhm,U.S.
Andrew_&_Peggy_Cherng,
Leon_G._Cooperman,
Walter_Faria,Brazil
Tom_Golisano,
Otto_Happel,Germany
Karel_Komarek,
Kurt_Krieger,
Timur_Kulibaev,
Dinara_Kulibaeva,
Luo_Jye,Taiwan
Ronald_Mcaulay,
Hans_Georg_Naeder,
Nie_Tengyun,
Daniel_Och,U.S.
Alvaro_Saieh_Bendeck,
Michael_&_Reiner_Schmidt-Ruthenbeck,
Lynn_Schusterman,U.S.
Michal_Solowow,
Daniel_Tsai,
Richard_Tsai,
Meg_Whitman,U.S.
Cheng_Cheung_Ling,
Jack_Dorsey,U.S.
Allan_Goldman,
Jane_Goldman,
Amy_Goldman_Fowler,U.S.
Diane_Kemper,
Manuel_Lao_Hernandez,Spain
Tom_Morris,
Thi_Phuong_Thao_Nguyen,Vietnam
Rajan_Raheja,
Ren_Jianhua,
Kerry_Stokes,Australia
Romesh_T._Wadhwani,India
Wang_Jian,
Clifford_Asness,
Anne_Beaufour,France
Henri_Beaufour,France
Jim_Breyer,U.S.
Alejandro_Bulgheroni,Argentina
Ennio_Doris,
Martin_Haefner,Switzerland
Christopher_Hohn,England
Rakesh_Jhunjhunwala,
John_Middleton,
Kazuo_Okada,Japan
Prasert_Prasarttong-Osoth,Thailand
Jean_(Gigi)_Pritzker,
Michael_Rubin,
Robert_Sands,
Herbert_Simon,
Don_Vultaggio,U.S.
Wang_Zhenhua,
Wu_Kaiting,
Chuck_Bundrant,U.S.
Cai_Dongchen,
Jose_And_Francisco_Jose_Calderon_Rojas,
Jason_Chang,China
Ding_Shizhong,
Gerald_Ford,U.S.
Philippe_Foriel-Destezet,France
Adi_Godrej,
Jamshyd_Godrej,India
Nadir_Godrej,India
Hedda_Im_Brahm-Droege,
Alicia_Koplowitz,Spain
Louis_Le_Duff,France
Yusaku_Maezawa,Japan
Hans_Melchers,
Erwin_Franz_Mueller,
Rishad_Naoroji,India
Husnu_Ozyegin,Turkey
Prajogo_Pangestu,Indonesia
Paul_Singer,
Ralph_Sonnenberg,Netherlands
Georg_Stumpf,
Vincent_Viola,U.S.
Radovan_Vitek,Czech Republic
Wang_Laichun,
Wang_Laisheng,
Carlos_Ardila_Lülle,
Jim_Davis,
Ding_Shijia,
"John_Dorrance,_Iii.",
Doris_Fisher,
Osman_Kibar,
Taha_Mikati,Lebanon
Philip_Niarchos,Greece
Stefan_Olsson,Sweden
Penny_Pritzker,U.S.
Chandru_Raheja,India
David_Rubenstein,U.S.
Shi_Yuzhu,China
Zygmunt_Solorz-Zak,
Tung_Chee_Chen,
Mark_Walter,
"William_Wrigley,_Jr.",
Anil_Ambani,India
Roberto_Angelini_Rossi,
Saeed_Bin_Butti_Al_Qebaisi,
Pierre_Chen,Taiwan
Eduardo_Eurnekian,Argentina
Gu_Yuhua,
Don_Hankey,
Huang_Wei,
James_Irsay,
Kim_Beom-Su,
Mustafa_Kucuk,
Mohamed_Mansour,
Najib_Mikati,Lebanon
Ermirio_Pereira_De_Moraes,
Krit_Ratanarak,Thailand
Helena_Revoredo,Argentina
Howard_Schultz,U.S.
Lawrence_Stroll,Canada
Andrew_Tan,China
Tsai_Cheng-Da,
Frank_Vandersloot,U.S.
Sandro_Veronesi,Italy
Juan_Abello,Spain
Bang_Jun-Hyuk,
Francesco_Gaetano_Caltagirone,Italy
Chung_Eui-Sun,
Fong_Yun_Wah,
Phillip_Frost,
Lutz_Mario_Helmig,
B._Wayne_Hughes,
Daniel_Kretinsky,
Lam_Kong,
Lau_Cho_Kun,
"Stephen_Mandel,_Jr.",
Gilles_Martin,
Daniel_Mate,Spain
Jorge_Moll_Filho,
Maria_Helena_Moraes_Scripilliti,Brazil
Sean_Parker,U.S.
Patrick_Ryan,
Shen_Yuxing,
Gil_Shwed,Israel
Glen_Taylor,
Hanni_Toosbuy_Kasprzak,Denmark
Torbjorn_Tornqvist,Sweden
Jerry_Yang,Taiwan
Ramon_Ang,
Lee_Bass,
Bert_Beveridge,
George_Bishop,
Aloysio_De_Andrade_Faria,
Kenneth_Feld,
Luca_Garavoglia,Italy
Stein_Erik_Hagen,Norway
Chang-Woo_Han,
Lawrence_Ho,
Mustafa_Rahmi_Koc,Turkey
Jane_Lauder,U.S.
Aerin_Lauder_Zinterhofer,U.S.
Maritsa_Lazari,Cyprus
Bernard_Lewis,England
Vincent_Lo,
Roberto_Irineu_Marinho,Brazil
C._Dean_Metropoulos,Greece
Aristotelis_Mistakidis,Greece
Arturo_Moreno,
Yoshiko_Mori,
Adam_Neumann,Israel
Or_Wai_Sheun,
Horst_Julius_Pudwill,
Klaus-Peter_Schulenberg,
Mark_Stevens,
Sze_Man_Bok,China
Sarik_Tara,Turkey
Peter_Thiel,Germany
Denise_York,U.S.
George_Argyros,
John_Arrillaga,U.S.
Charles_Bronfman,Canada
Peter_Buck,
Chen_Jinxia,
Chu_Lam_Yiu,
Jose_Luis_Cutrale,
Bergit_Douglas,
Alfredo_Egydio_Arruda_Villela_Filho,
Marcel_Erni,
Abhay_Firodia,
Geng_Jianming,
Michael_Hintze,China
Igor_Kesaev,Russia
Hermann_Langness,
Li_Zhongchu,China
Alexander_Mamut,
"Drayton_Mclane,_Jr.",
Patrice_Motsepe,South Africa
Alfred_Oetker,
Christian_Oetker,
Julia_Oetker,
Daniel_Pritzker,U.S.
John_Pritzker,U.S.
Luigi_Rovati,
Ferit_Faik_Sahenk,Turkey
Rosely_Schweizer,
Eric_Smidt,
Peter_Unger,
Sunny_Varkey,India
Michael_Ying,
Gustavo_Denegri,Italy
Murali_Divi,
Bernard_Fraisse,France
Harsh_Goenka,India
David_Gottesman,
Murli_Dhar_&_Bimal_Kumar_Gyanchandani,
Bill_Haslam,U.S.
Hu_Baifan,
Bradley_Jacobs,
Brad_Kelley,U.S.
Stephen_Lansdown,
Martin_Lau,
Lee_Joong-Keun,
Kenneth_Lo,
Clayton_Mathile,
Stanley_Perron,Australia
Filiz_Sahenk,Turkey
Peter_Spuhler,
Wong_Man_Li,
Aziz_Akhannouch,Morocco
Ron_Baron,
Shyam_&_Hari_Bhartia,
Tatiana_Casiraghi,U.S.
"Chase_Coleman,_Iii.",
Mark_Coombs,U.K.
Alexander_Frolov,
Vinod_&_Anil_Rai_Gupta,
Torstein_Hagen,Norway
Hans-Werner_Hector,
Ke_Xiping,
Suna_Kirac,
Kong_Jian_Min,
Koo_Bon-Moo,
Heikki_Kyostila,Finland
Peter_Lim,
Scott_Lin,
Tomas_Olivo_Lopez,
Stewart_Rahr,U.S.
T._Denny_Sanford,
"Karl_Scheufele,_Iii.",
Shen_Guojun,
Alain_Taravella,France
Oleg_Tinkov,
T.Y._Tsai,
Tung_Chee_Hwa,China
Ted_Turner,U.S.
Lang_Walker,
Xiao_Wenge,
Xiong_Xuqiang,
Takao_Yasuda,
William_Young,
Eddie_&_Sol_Zakay,
Zhang_Xiugen,
Patricia_Angelini_Rossi,
Josef_Boquoi,
Nikolai_Buinov,
Richard_Chandler,
Patokh_Chodiev,
Choo_Chong_Ngen,
Sanjiv_Goenka,
Alec_Gores,Israel
David_Hains,Australia
William_Heinecke,
Huang_Hongyun,
Huang_Zhenda,
Jiang_Yehua,
Willibert_Krueger,
Kuok_Khoon_Hong,
Christian_Latouche,France
Guenther_Lehmann,
Li_Hongxin,
Liang_Yunchao,
Catherine_Lozick,
Igor_Makarov,
Mao_Lixiang,
Harsh_Mariwala,India
Martin_Moller_Nielsen,Denmark
Georg_Nemetschek,
Vikas_Oberoi,
Maja_Oeri,Switzerland
Ong_Beng_Seng_And_Christina_Ong,
Heloise_Pratt,
Kavitark_Ram_Shriram,India
Sylvia_Stroeher,
Tang_Shing-Bor,
David_Walentas,U.S.
Ronald_Wanek,U.S.
Ye_Cheng,
Zhu_Gongshan,
Antti_Aarnio-Wihuri,Finland
S._Daniel_Abraham,
Joao_Alves_De_Queiroz_Filho,
Mika_Anttonen,
Andrei_Bokarev,
Friederike_Braun-Luedicke,
Ron_Burkle,U.S.
Vivek_Chand_Burman,
James_Clark,
Fritz_Draexlmaier,
Glenn_Dubin,U.S.
Jayme_Garfinkel,
Sam_Goi,China
Carlos_Hank_Rhon,
Christoph_Henkel,Germany
Hu_Kaijun,
Ramesh_Juneja,
Lee_Boo-Jin,
Lee_Jay-Hyun,
Wolfgang_Leitner,Austria
Li_Ge,
Jeffrey_Lurie,
Ma_Xingtian,
Sarah_Macmillan,
Lachhman_Das_Mittal,
Mofatraj_Munot,
Florentino_Perez,Spain
Chuchat_&_Daonapa_Petaumpai,
Arvind_Poddar,
Francisco_Jose_Riberas_Mera,
Rodney_Sacks,South Africa
Hilton_Schlosberg,South Africa
Lucy_Stitzer,
Satoshi_Suzuki,
Katherine_Tanner,U.S.
Amy_Wyss,
Jon_Yarbrough,U.S.
Saif_Al_Ghurair,U.A.E.
Syed_Mokhtar_Albukhary,
Miriam_Baumann-Blocher,Switzerland
Albert_Berner,
Thomas_Bruch,
Kiat_Chiaravanont,Thailand
Jean-Paul_And_Martine_Clozel,
Charles_Edelstenne,France
Bernd_Freier,
Bill_Gross,
Suat_Gunsel,Cyprus
Shmuel_Harlap,
Roberto_Hernandez_Ramirez,
Johannes_Kaercher,
Lee_Myung-Hee,
Lee_Seo-Hyun,
Liang_Jiankun,
Liao_Long-Shing,
Lin_Shu-Hong,
Yasseen_Mansour,Egypt
David_Nahmad,Lebanon
Alexander_Nesis,Russia
Nandan_Nilekani,India
Ranjan_Pai,
Park_Hyeon-Joo,South Korea
Megdet_Rahimkulov,
Stephen_Rubin,U.K.
Remo_Ruffini,France
Erik_Selin,Sweden
Peter_Sondakh,
Tseng_Shin-Yi,
Wang_Qingtao,
Gustav_Magnar_Witzoe,
Horst_Wortmann,
Xiao_Yongming,
Xue_Xiangdong,
Zhang_Xuansong,
Zheng_Yuewen,
Zhou_Xiaoguang,
Susanne_Zimmermann_Von_Siefart,
Aras_Agalarov,
Maurice_Alter,Poland
An_Kang,
Alex_Beard,
Nicolas_Berggruen,France
Vladimir_Bogdanov,Russia
Julio_Bozano,
Anna_Maria_Braun,
Karl_Friedrich_Braun,
Edouard_Carmignac,
Cheung_Yan,
Chung_Mong-Joon,South Korea
Jack_Cowin,
Cui_Genliang,
Kommer_Damen,Netherlands
Diego_Della_Valle,Italy
N._Murray_Edwards,
Clement_Fayat,France
Stewart_Horejsi,
John_Kapoor,India
Li_Zongsong,
Willy_Michel,
Masahiro_Noda,
Gregorio_Perez_Companc,Argentina
Linda_Pritzker,
Qin_Hui,
Matthias_Reinhart,
Brian_Roberts,
Thaksin_Shinawatra,Thailand
William_Stone,
Julia_Stoschek,Germany
Maximilian_Stoschek,
Ba_Duong_Tran,
Wu_Yulan,
Xu_Hang,
Yang_Erzhu,
Yao_Kuizhang,
Sheng_Jian_Zhong,
Marcel_Adams,Canada
"Herbert_Allen,_Jr.",
Roman_Avdeev,Russia
Emilio_Azcarraga_Jean,
Lesley_Bamberger,
Hubertus_Benteler,
Ludwig_Theodor_Braun,
Nicola_Bulgari,Italy
Paolo_Bulgari,Italy
Chen_Dejun,
Tony_Chen,
Chen_Xueli,
Luigi_Cremonini,Italy
Domenico_Dolce,Italy
Pavel_Durov,Russia
Robert_Fisher,
William_Fisher,
Stefano_Gabbana,Italy
Rolf_Gerling,
Serge_Godin,
Mehmet_Nazif_Gunal,Turkey
Yusuf_Hamied,Poland
Huang_Chulong,
Devendra_Jain,India
Jiang_Yintai,
Anthony_Langley,U.K.
Li_San_Yim,
Ma_Xiuhui,
Kishore_Mariwala,
Craig_Mccaw,
Miguel_Mckelvey,
Vincent_Mcmahon,
David_Mcmurtry,
Gary_Michelson,
Massimo_Moratti,Italy
Farhad_Moshiri,Iran
Jerry_Moyes,
Ou_Zongrong,
Nihat_Ozdemir,Turkey
Park_Yeon-Cha,
Roger_Penske,U.S.
Qi_Shi,China
Theodore_Rachmat,
Juan_Maria_Riberas_Mera,
Vijay_Shekhar_Sharma,India
Konstantin_Strukov,
Wichai_Thongtang,
Torsten_Toeller,
Roman_Trotsenko,
Todd_Wagner,
John_Whittaker,
Xu_Qiming,
Melih_Abdulhayoglu,Turkey
Mohamed_Al_Fayed,Egypt
Faisal_Bin_Qassim_Al_Thani,
William_F._Austin,U.S.
Louis_Bacon,
Achal_Bakeri,India
Othman_Benjelloun,Morocco
William_Berkley,
John_Bloor,England
Cai_Wensheng,
Ahmet_Calik,
Michel_Chalhoub,France
Cho_Jung-Ho,
Turgay_Ciner,
Steve_Conine,U.S.
Jacques_D'Amours,Canada
Robert_Defares,
Alexander_Dzhaparidze,
Mario_Gabelli,
Marcos_Galperin,
Radhe_Shyam_Goenka,
Christopher_Goldsbury,
Stelios_Haji-Ioannou,Greece
Ilkka_Herlin,Finland
Brian_Higgins,U.S.
Kenji_Kasahara,
Kim_Taek-Jin,
Edward_Lampert,U.S.
Li_Li,
Pier_Luigi_Loro_Piana,Italy
Gian_Marco_Moratti,
Manuel_Moroun,U.S.
Robert_Mouawad,
Marius_Nacht,Romania
Lirio_Parisotto,
Karl-Johan_Persson,
Tom_Persson,
Dmitry_Pumpyansky,Russia
Ruan_Shuilong,
Sheryl_Sandberg,U.S.
Niraj_Shah,U.S.
Shin_Dong-Guk,
Ben_Silbermann,U.S.
David_Teoh,Malaysia
Wang_Jinshu,
Wang_Yaohai,
Charlotte_Colket_Weber,
Wei_Ing-Chou,
Yin-Chun_Wei,
Wei_Yin-Heng,
Wong_Kwong_Yu,China
Wu_Jianshu,
Wu_Xu,
Wu_Xushun,
Luis_Enrique_Yarur_Rey,
Albert_Yeung,
Yu_Rong,
Zhuang_Kuilong,
Jose_Joao_Abdalla_Filho,
Folorunsho_Alakija,Nigeria
Bill_Alfond,
Susan_Alfond,
Ted_Alfond,U.S.
Oleg_Boyko,
Ana_Maria_Brescia_Cafferata,Peru
Binod_Chaudhary,
Chen_Qingzhou,
Mohammed_Dewji,
Eric_Douglas,U.S.
Faruk_Eczacibasi,Turkey
Reinold_Geiger,Austria
Ilona_Herlin,
Asok_Kumar_Hiranandani,
Huang_Qiaoling,
Hal_Jackman,
Anurang_Jain,India
Keeree_Kanjanapas,
Kim_Nam-Jung,
Seth_Klarman,
Alexander_Klyachin,
Yuriy_Kosiuk,
Miguel_Krigsner,
Nicola_Leibinger-Kammueller,
Li_Weiwei,
Lou_Zhongfu,
Low_Tuck_Kwong,
P.N.C._Menon,
Thomas_Meyer,
Judith_Neilson,
Madeleine_Olsson_Ericksson,
Jose_Isaac_Peres,
Que_Wenbin,
Fayez_Sarofim,Egypt
Antonio_Luiz_Seabra,Brazil
Yuri_Shefler,
Frank_Stronach,Austria
Kevin_Systrom,U.S.
Tang_Hsiang-Chien,
Ning_Tang,
Jim_Thompson,
Jonathan_Tisch,
Kenneth_Tuchman,
Wim_Van_Der_Leegte,Netherlands
Shamsheer_Vayalil,India
Arkady_Volozh,Kazakhstan
Stefan_Von_Holtzbrinck,
Wang_Jiufang,
Wong_Hong_King,
Ian_Wood,
Xiao_Chunhong,
Jacky_Xu,
Zhang_Tao,
Anu_Aga,India
Farkhad_Akhmedov,
Alberto_Alcocer,
Bassam_Alghanim,
Vasily_Anisimov,Russia
Mori_Arkin,Israel
Nigel_Austin,
Krishna_Kumar_Bangur,
R.G._Chandramogan,
Chang_Pyung-Soon,
Chao_Teng-Hsiung,
Chen_Liying,China
Chey_Ki-Won,
Chi_Yufeng,China
Chua_Thian_Poh,
Chung_Yong-Jin,
Alberto_Cortina,Spain
"Robert_Coyiuto,_Jr.",
Maria_Del_Pino_Y_Calvo-Sotelo,
K._Dinesh,
David_Einhorn,
Bob_Ell,Wales
Gary_Fegel,
Alan_Gerry,
Polys_Haji-Ioannou,Cyprus
J._Tomilson_Hill,
Hoi_Kin_Hong,China
George_Joseph,
Nimesh_Kampani,
Pyotr_Kondrashev,
Yuri_Kovalchuk,Russia
James_Leininger,
Li_Guoqiang,
Liu_Ko-Chen,
Ma_Hong,
Gary_Magness,
Youssef_Mansour,Egypt
Dariusz_Milek,
Nan_Cunhui,
Oei_Hong_Leong,
Rubens_Ometto_Silveira_Mello,
Ou_Xueming,
Victor_Pinchuk,Ukraine
Marina_Prada,
Forrest_Preston,U.S.
Jerry_Reinsdorf,
Fernando_Roig,Spain
Subhash_Runwal,
Yoshiyuki_Sankai,Japan
Shin_Dong-Bin,
Jasminder_Singh,U.K.
Martua_Sitorus,
Manny_Stul,Germany
Fuat_Tosyali,
Rufino_Vigil_Gonzalez,
Farris_Wilks,
Thomas_Wu,
Yuan_Fugen,
"Richard_Yuengling,_Jr.",U.S.
Gavril_Yushvaev,
Zeng_Kaitian,
Zhang_Yubai,
Changpeng_Zhao,China
Zhou_Yifeng,
Zhou_Yongli,
Zhu_Wenchen,
Ahmet_Nazif_Zorlu,
Len_Ainsworth,
Markus_Blocher,Switzerland
Steve_Case,U.S.
Jeffrey_Cheah,
Ivan_Chrenko,Slovakia
Eduardo_Cojuangco,
Andrea_Della_Valle,
Jamie_Dimon,U.S.
Charles_Dunstone,England
Bruce_Flatt,
Soichiro_Fukutake,Japan
Gao_Yunfeng,
Anne_Gittinger,U.S.
Clelia_Haji-Ioannou,Cyprus
Ronnen_Harary,Canada
Ayman_Hariri,
Fahd_Hariri,
Archie_Hwang,
Mitchell_Jacobson,
Rana_Kapoor,
Alexander_Karp,U.S.
Habil_Khorakiwala,
Andre_Koo,
Lee_Ho-Jin,
Solomon_Lew,Australia
Rodney_Lewis,U.S.
Lin_Fanlian,
Lin_Jianhua,Mongolia
Lin_Tianfu,
Louise_Lindh,Sweden
Jose_Llado_Fernandez-Urrutia,
John_Macmillan,
Martha_Macmillan,
William_Macmillan,
Katarina_Martinson,Sweden
Bruce_Nordstrom,U.S.
Pierre_Karl_Péladeau,
David_Penaloza_Alanis,
Andreas_Pohl,
"Reinfried_Pohl,_Jr.",
Mahendra_Prasad,
Anton_Rabie,Canada
Ginia_Rinehart,
Alexander_Rovt,
Lily_Safra,Brazil
Leonard_Schleifer,
Bhadresh_Shah,
Nobutoshi_Shimamura,
Helmut_Sohmen,Austria
Sun_Qinghuan,
Sun_Yinhuan,
Djoko_Susanto,
Erol_Tabanca,
Alexander_Tedja,
Ayhan_Tosyali,
Fatih_Tosyali,
Tran_Dinh_Long,
Tsai_Ming-Kai,Taiwan
Pavel_Tykac,
Jayshree_Ullal,England
Wang_Muqing,
Wang_Yong,
Gordon_Wu,
Wu_Lanlan,
Yang_Meirong,
Yang_Tingdong,
You_Xiaoping,
Yu_Peidi,
Zan_Shengda,
Zhao_Weiguo,
Zheng_Jianjiang,
Hamad_Bin_Jassim_Bin_Jaber_Al_Thani,
Fawzi_Al-Kharafi,Kuwait
Isak_Andic,Turkey
Marc_Andreessen,U.S.
Jose_Maria_Aristrain,
Thomas_Bailey,
Harindarpal_Banga,
Eduardo_Belmont_Anderson,
Tomasz_Biernacki,
Brett_Blundy,
Henadiy_Boholyubov,Ukraine
Amit_Burman,
Chen_Bo,
Phongthep_Chiaravanont,
Kochouseph_Chittilappilly,India
Chu_Jinfu,
Eduardo_Costantini,Argentina
Sol_Daurella,
Philip_Day,
Norbert_Dentressangle,
Mark_Dixon,
Gleb_Fetisov,
Donald_Foss,U.S.
Robert_Friedland,
Fu_Guangming,
Gu_Wei,
Alfredo_Harp_Helu,
Gudrun_Heine,
Francis_Holder,
Douglas_Hsu,
Jiang_Zhaobai,
Ajay_Kalsi,
Helga_Kellerhals,
King_Pak_Fu,
Sergei_Kolesnikov,
Eiichi_Kuriwada,
Lee_Hae-Jin,
Michael_Lee-Chin,Jamaica
Li_Jun,
Lim_Wee_Chai,
Liu_Jiang,
Lo_Siu-Tong,
Tobi_Lutke,Germany
Ziyavudin_Magomedov,Russia
Ana_Maria_Marcondes_Penido_Sant'Anna,
Terence_(Terry)_Matthews,
Kentaro_Ogawa,
Erik_Paulsson,Sweden
Stefan_Pierer,
Michael_Price,
Boris_Rotenberg,
Stephen_Saad,South Africa
K._Rai_Sahi,
Airat_Shaimiev,
Radik_Shaimiev,
Mikhail_Shelkov,
S.D._Shibulal,India
Leonid_Simanovsky,
Samprada_Singh,India
Terry_Snow,Australia
Lynsi_Snyder,U.S.
Sybill_Storz,
Harjo_Sutanto,
Yoshikazu_Tanaka,
Tian_Ming,
Ion_Tiriac,Romania
Ivar_Tollefsen,
Thomas_Tull,U.S.
John_Van_Lieshout,Netherlands
Wang_Han,
Wang_Junjin,
"Alfred_West,_Jr.",
Wu_Daohong,
Wu_Yiling,
Xiu_Laigui,
Xue_Hua,
Zhang_Cheng_Fei,
Zhang_Jingzhang,
Zhang_Xuanning,
Zhang_Zhangsun,
Zhou_Bajin,
Zhou_Wenyu,
William_Ackman,U.S.
Chirayu_Amin,India
Mehmet_Aydinlar,
Emanuella_Barilla,
Guido_Barilla,Italy
Luca_Barilla,Italy
Paolo_Barilla,Italy
Mehmet_Rustu_Basaran,Turkey
Hideyuki_Busujima,Japan
Cai_Rongjun,
Delfin_Jorge_Ezequiel_Carballo,
Chen_Jinshi,
Chen_Qixing,
Chen_Shiliang,
Prathip_Chiravanond,
Gustavo_Cisneros,Venezuela
Dang_Yanbao,
Bharat_Desai,
Andrei_Filatov,
Paul_Fireman,U.S.
Fu_Kwan,
Sheela_Gautam,India
Drew_Houston,U.S.
Huang_Wen_Tsai,
Hiroshi_Ishibashi,
Chatchai_Kaewbootta,
Jonas_Kamprad,Sweden
Mathias_Kamprad,
Peter_Kamprad,
Madhu_Kapur,
Richard_Kayne,U.S.
Vladimir_Kogan,
Isaac_Larian,
Lee_Sang-Hyuk,
Randolph_Lerner,U.S.
David_Xueling_Li,
Li_Weiguo,
Liang_Feng,
Liang_Guangwei,
Liao_Chang,
Jenny_Lindén_Urnes,
Liu_Zhendong,
Liu_Zhiqiang,
Jonathan_Lu,
William_Macaulay,
Yves-Loic_Martin,
Konstantin_Nikolaev,
Michael_O'Leary,
Niti_Osathanugrah,
Frank_Otto,
Andrei_Rappoport,
Andrea_Reimann-Ciardelli,Germany
Igor_Rotenberg,Russia
Alan_Rydge,
Chris_Sacca,U.S.
Alexander_Samwer,
Marc_Samwer,
Neil_Shen,
Albert_Shigaboutdinov,
Shin_Dong-Joo,
Yoshiko_Shinohara,Japan
Analjit_Singh,India
Stephen_Smith,
Michael_Steinhardt,U.S.
Svein_Stole,
Rustem_Sulteev,
Julio_Patricio_Supervielle,
Min-Liang_Tan,Singapore
Hary_Tanoesoedibjo,
Tiong_Hiew_King,Malaysia
Laurie_Tisch,U.S.
Steven_Tisch,
James_Truchard,
Vardis_Vardinoyannis,Greece
Murat_Vargi,Turkey
Wan_Lianbu,
Wen_Jianping,
Myron_Wentz,
Swift_Xie,
Yao_Jinbo,
Fatma_Tuba_Yazici,
Zhang_Zhirong,
Zhao_Yan,
Sara_Blakely,U.S.
Pete_Bodharamik,
Cao_Kejian,
Morris_Chang,
Cho_Yang-Rai,
Eduard_Chukhlebov,
John_Collison,Ireland
Patrick_Collison,Ireland
Henry_Davis,
Susumu_Fujita,
David_Hall,
Elie_Horn,Syria
Masayuki_Ishihara,
Tarang_Jain,India
Jiang_Xuefei,
Morris_Kahn,South Africa
"Anton_Kathrein,_Jr.",Germany
Kim_Dae-Il,
Michael_Kim,
Igor_Kudryashkin,
Lev_Kvetnoi,
Paul_Little,
Liu_Fuhai,
Liu_Jincheng,
Lu_Weiding,
George_Marcus,
Mi_Enhua,
Lowell_Milken,
Martin_Naughton,
Sergei_Petrov,
Carolyn_Rafaelian,
Sathien_Setthasit,
Evan_Sharp,U.S.
Ravindra_Kishore_Sinha,India
Axel_Stawski,Germany
Beny_Steinmetz,
Dirk_Stroeer,
Sun_Shangchuan,
Sam_Tarascio,Italy
Robert_Toll,
V._Prem_Watsa,
Wu_Chung-Yi,
Yang_Jianxin,
Zhou_Liangzhang,
Zhuo_Jun,
Olgun_Zorlu,
