id,name
3705,Anant Asavabhokhin & Family
9321,Arash Ferdowsi
4524,Banthoon Lamsam & Family
4810,Bill Adderley & Family
2336,Boris Zingarevich
1480,Bryan Sheffield
8634,Charles Butt & Family
5228,Charles Cadogan & Family
8701,Chatri Sophonpanich & Family
3161,Daniel Ek
8306,Daniel Hirschfeld
9225,Daniel Tsai & Family
2481,Dieter Schaub
7590,Dik Wessels
2434,Dong Fan
3581,Elisabeth Badinter & Family
1279,Frederic Luddy
5656,Gao Dekang & Family
9881,Hajime Satomi
9812,Heinrich Deichmann & Family
8797,Hiroshi Okura & Family
8824,Husain Djojonegoro & Family
4908,Ivan Savvidis
1475,Jacques Merceron-Vicat & Family
3443,James Duff
4906,Jean Burelle
9546,Jim Koch
2449,John Armitage
2300,Jonathan Harmsworth
1554,Laurent Burelle
6192,Lee Hwa-Kyung
5350,Liu Dianbo
4223,Liu Gexin
4362,Loretta Robinson & Family
8258,Lu Feng
1196,Lucio And Susan Co
7007,Malvinder & Shivinder Singh
2727,Martin Lorentzon
4814,Mary & Douglas Perkins
9872,Onsi Sawiris
8362,Osathanugrah Family
5389,Philippe Laffont
8161,Phornthep Phornprapha & Family
5343,Pierre Castel & Family
7679,Ray Irani
2212,Shoji Uehara
1608,Steven Roth
1232,Supaluck Umpujh & Family
1370,Thomas Duff
4285,Zakhar Smushkin
7355,Zhang Zhongneng & Family
4086,Zhu Yicai
7468,Jeff Bezos
4605,Bill Gates
7368,Warren Buffett
3808,Bernard Arnault
3213,Mark Zuckerberg
3734,Amancio Ortega
9259,Carlos Slim Helu
7159,Charles Koch
7935,David Koch
2736,Larry Ellison
6894,Michael Bloomberg
4144,Larry Page
2391,Sergey Brin
3266,Jim Walton
2934,S. Robson Walton
9572,Alice Walton
7741,Ma Huateng
5965,Francoise Bettencourt Meyers
6392,Mukesh Ambani
3933,Jack Ma
4389,Sheldon Adelson
2313,Steve Ballmer
9450,Li Ka-Shing
7612,Hui Ka Yan
9293,Lee Shau Kee
2977,Wang Jianlin
5316,Beate Heister & Karl Albrecht Jr.
9123,Phil Knight
4229,Jorge Paulo Lemann
1613,Francois Pinault
2835,Georg Schaeffler
1282,Susanne Klatten
2683,David Thomson
4560,Jacqueline Mars
9516,John Mars
8944,Joseph Safra
2489,Giovanni Ferrero
5726,Dietrich Mateschitz
9977,Michael Dell
1598,Masayoshi Son
7722,Serge Dassault
6980,Stefan Quandt
8692,Yang Huiyan
7771,Paul Allen
7830,Leonardo Del Vecchio
2077,Dieter Schwarz
1596,Thomas Peterffy
1462,"Theo Albrecht, Jr."
6355,Len Blavatnik
6226,He Xiangjian
1731,Lui Che Woo
8804,James Simons
5353,Henry Sy
6673,Elon Musk
6610,Hinduja Family
7653,Tadashi Yanai
7971,Vladimir Lisin
4890,Laurene Powell Jobs
8874,Azim Premji
5610,Alexey Mordashov
4732,Lee Kun-Hee
4008,Lakshmi Mittal
1339,Wang Wei
7510,Leonid Mikhelson
1035,Charoen Sirivadhanabhakdi
3873,Pallonji Mistry
2607,Ray Dalio
4337,Takemitsu Takizaki
8708,William Ding
8683,R. Budi Hartono
5284,Gina Rinehart
6596,German Larrea Mota Velasco
9921,Carl Icahn
5443,Stefan Persson
1870,Michael Hartono
7621,Joseph Lau
7304,Thomas & Raymond Kwok
1194,Vagit Alekperov
4532,James Ratcliffe
1909,Donald Bren
2163,Iris Fontbona
9937,Gennady Timchenko
8005,Abigail Johnson
7802,Vladimir Potanin
4469,Lukas Walton
2701,Charlene De Carvalho-Heineken
1337,Zhang Zhidong
4816,Petr Kellner
3747,Andrey Melnichenko
5545,David & Simon Reuben
5889,Klaus-Michael Kuehne
4360,Li Shufu
9150,Mikhail Fridman
6645,Rupert Murdoch
8671,Dhanin Chearavanont
2252,Robert Kuok
1161,Emmanuel Besnier
7840,Shiv Nadar
7890,Viktor Vekselberg
4183,Aliko Dangote
6752,Harold Hamm
8248,Steve Cohen
1845,Dustin Moskovitz
1867,Marcel Herrmann Telles
4197,Reinhold Wuerth
5338,Charles Ergen
8759,Eric Schmidt
5871,Philip Anschutz
6409,Jim Kennedy
8472,Blair Parry-Okeden
8007,Alain Wertheimer
7934,Gerard Wertheimer
4397,Leonard Lauder
8231,Heinz Hermann Thiele
7607,Dilip Shanghvi
8549,Hasso Plattner
9350,Stephen Schwarzman
2791,Lei Jun
3810,Hans Rausing
8812,Alisher Usmanov
2980,Donald Newhouse
4042,Peter Woo
5848,Luis Carlos Sarmiento
9183,Robin Li
2387,Carlos Alberto Sicupira
3612,Seo Jung-Jin
5312,Kumar Birla
5339,Alexander Otto
2615,Stefano Pessina
3806,Udo & Harald Tschira
6283,Wang Wenyin
6015,Andrew Beal
7204,Lee Man Tat
3724,"John Menard, Jr."
7206,Xu Shihui
4800,Zhou Hongyi
4354,Gong Hongjia
8337,Michael Otto
8065,David Tepper
3158,Roman Abramovich
4840,Liu Qiangdong
4074,Robert & Philip Ng
9713,Alberto Bailleres Gonzalez
9830,Uday Kotak
7938,Pierre Omidyar
1025,Walter P.J. Droege
9521,Dietmar Hopp
1137,Graeme Hart
7719,Eduardo Saverin
4277,Yan Zhi
3431,Radhakishan Damani
9145,German Khan
6265,Ronald Perelman
6770,Gautam Adani
9383,Micky Arison
3034,Pan Zhengmin
4725,Joseph Tsai
3021,"Thomas Frist, Jr."
9004,Mikhail Prokhorov
7443,Galen Weston
4673,Zong Qinghou
2453,Eyal Ofer
8229,Charles Schwab
5315,Gianluigi & Rafaela Aponte
1714,"Herbert Kohler, Jr."
6903,Viktor Rashnikov
7265,Harry Triguboff
9376,August Von Finck
4075,Yao Zhenhua
5025,Jan Koum
6340,Cyrus Poonawalla
2862,James Goodnight
9748,Ken Griffin
4036,Giorgio Armani
4757,Ernesto Bertarelli
2610,Savitri Jindal
2497,Sunil Mittal
3066,James Chambers
3660,Katharine Rayner
2092,Margaretta Taylor
7448,Terry Gou
5150,Gordon Moore
3951,James Irving
6170,Stanley Kroenke
9305,Melker Schorling
5207,Johann Graf
8017,Guo Guangchang
4721,John Malone
7648,Xavier Niel
4889,Silvio Berlusconi
5615,Carl Cook
5835,David Geffen
2159,Hui Wing Mau
8474,Walter Kwok
2399,George Soros
3297,"Edward Johnson, Iii."
4047,Massimiliana Landini Aleotti
5875,David Duffield
1450,George Kaiser
2276,Patrick Soon-Shiong
1016,Zhou Qunfei
9006,Nicky Oppenheimer
2178,Sun Piaoyang
6065,Wu Yajun
1510,Alexei Kuzmichev
1737,Stephen Ross
3793,Vincent Bollore
9767,Pauline Macmillan Keinath
4826,Jay Y. Lee
6092,Anders Holch Povlsen
8295,Eli Broad
3179,Michael Kadoorie
3064,Iskander Makhmudov
4794,Frederik Paulsen
1296,Sun Hongbin
1570,Christy Walton
1283,Shahid Khan
4917,Ananda Krishnan
1651,Carrie Perrodo
8922,Quek Leng Chan
5422,Wang Wenxue
8076,John Doerr
4588,Patrick Drahi
6913,Eva Gonda De Rivera
5782,Willi & Isolde Liebherr
4184,Ricardo Salinas Pliego
4289,Suh Kyung-Bae
2681,Pollyanna Chu
1573,John Fredriksen
2504,Goh Cheng Liang
9265,Sri Prakash Lohia
6141,Lu Zhiqiang
5810,Jorn Rausing
7296,Johann Rupert
1599,Jacques Saade
6274,Wu Shaoxun
2477,Leonid Fedun
9961,Kim Jung-Ju
4297,Sandra Ortega Mera
1114,Jim Pattison
9441,Michael Platt
5203,Chan Laiwa
4434,David Green
1165,Hank & Doug Meijer
7162,Dmitry Rybolovlev
7853,Tsai Eng-Meng
6318,Andreas Von Bechtolsheim
8515,Oleg Deripaska
5754,Liu Yongxing
3897,Ludwig Merckle
5950,Brian Acton
2958,John Grayken
6480,Ann Walton Kroenke
5729,Augusto & Giorgio Perfetti
4310,Finn Rausing
8951,Kirsten Rausing
9895,Odd Reitan
6860,Nassef Sawiris
1775,Wee Cho Yaw
5278,Aloys Wobben
1837,Leon Black
4554,Ivan Glasenberg
9473,John Paulson
5468,Wei Jianjun
7049,Francis Choi
6095,Erivan Haub
2891,Jason Jiang
6129,Suleiman Kerimov
1382,Ian & Richard Livingstone
6530,Pang Kang
9732,David Shaw
4331,Kushal Pal Singh
2303,John A. Sobrato
8915,Acharya Balkrishna
3814,Guenther Fielmann
9264,Daniel Gilbert
4634,Antonia Johnson
8281,Vikram Lal
2711,Akira Mori
4098,Maria-Elisabeth Schaeffler-Thumann
7064,Albert Frere
6628,Richard Kinder
2068,Robert Kraft
2922,Ralph Lauren
1453,Bruno Schroder
3196,Nusli Wadia
9251,Pierre Bellon
7414,Les Wexner
5105,Benu Gopal Bangur
5517,David Cheriton
7625,Ma Jianrong
9568,Whitney Macmillan
5187,Dan Olsson
5169,Vivek Chaand Sehgal
7998,Teh Hong Piow
1660,Abdulla Bin Ahmad Al Ghurair
4225,Maria Asuncion Aramburuzabala
5993,Ralph Dommermuth
2593,Frank Lowy
5024,Wolfgang Marguerre
6547,Marijke Mars
7529,Pamela Mars
7600,Valerie Mars
6098,Victoria Mars
2415,David & Frederick Barclay
7914,"John Gokongwei, Jr."
5768,Kwon Hyuk-Bin
8086,Nancy Walton Laurie
7856,Lin Yu-Ling
1087,Tom & Judy Love
1541,Robert Rowling
3036,Dennis Washington
8838,Yao Liangsong
2112,Zhang Jindong
6174,Juan Francisco Beckmann Vidal
3776,David Sun
4139,John Tu
8353,Martin Viessmann
1990,Stef Wertheimer
4245,Hansjoerg Wyss
8186,James Dyson
2547,Laurence Graff
6775,Jen-Hsun Huang
6801,Charles Johnson
4585,Jerry Jones
5178,Kei Hoi Pang
7478,Kwee Family
9405,Lee Shin Cheng
5985,Richard Lefrak
4550,Shigenobu Nagamori
1121,Steven Rales
8266,Friede Springer
2685,Yeung Kin-Man
6830,Rinat Akhmetov
9828,Shari Arison
5218,Dannine Avara
9281,Rahel Blocher
7698,Andrew Currie
2957,Scott Duncan
8952,Milane Frantz
5666,Diane Hendricks
1821,Magdalena Martullo-Blocher
6133,Hiroshi Mikitani
2378,Gabe Newell
1081,Pan Sutong
5346,Anthony Pratt
1489,John Reece
5653,Randa Williams
6478,Zhang Bangxin
6218,Zhang Shiping
1395,Jean-Michel Besnier
7388,Marie Besnier Beauvalot
3689,Richard Devos
2185,Michael Herz
1960,Wolfgang Herz
1769,Kjeld Kirk Kristiansen
6025,Sofie Kirk Kristiansen
9345,Thomas Kirk Kristiansen
6946,Lam Wai Ying
8092,Lin Xiucheng
1479,Margarita Louis-Dreyfus
9437,George Roberts
9620,"Edward Roski, Jr."
3822,Agnete Kirk Thinggaard
7466,Mike Adenuga
7086,Jim Davis
6696,David Filo
4163,Pansy Ho
4305,Henry Kravis
3283,Emanuele (Lino) Saputo
7775,Xu Chuanhua
5938,Alexander Abramov
5104,Israel Englander
5213,Frits Goldschmeding
1385,Marian Ilitch
5296,Bruce Kovner
4212,George Lucas
3876,Kalanithi Maran
5373,Elisabeth Mohn
7499,"Robert Rich, Jr."
3257,Wang Chuanfu
9073,Maria Fernanda Amorim
7185,Pyotr Aven
8588,Bernard Marcus
5561,Pedro Moreira Salles
5695,Frederick Smith
2969,Ronda Stryker
4846,Richard Branson
1192,Subhash Chandra
1638,Denise Coates
2337,Martha Ingram
5623,Law Kar Po
7401,Joe Lewis
7891,Gabriella Meister
9465,Fernando Roberto Moreira Salles
1526,Joao Moreira Salles
1653,Walther Moreira Salles Junior
2006,Pankaj Patel
7571,Karen Pritzker
1805,Thomas Schmidheiny
8493,Vichai Srivaddhanaprabha
2786,Keiichiro Takahara
8109,M.A. Yusuff Ali
2983,Robert Bass
7615,Marc Benioff
7311,Martin & Olivier Bouygues
9502,Chung Mong-Koo
5952,Charles Dolan
3961,Ray Lee Hunt
4265,Liu Yonghao
8779,John Overdeck
5235,Ajay Piramal
8321,"Enrique Razon, Jr."
3927,Sumner Redstone
3425,Paolo & Gianfelice Mario Rocca
4298,Reinhold Schmieding
3254,David Siegel
2194,Andrei Skoch
6376,Yu Yong
6178,Sam Zell
9188,Zhou Jianping
8178,Bajaj Brothers
4876,Garrett Camp
2899,Bubba Cathy
4398,Dan Cathy
5514,Fu Liquan
2287,Philip & Cristina Green
1460,Mikhail Gutseriev
7690,"Rupert Johnson, Jr."
5659,Travis Kalanick
6750,Andrei Kozitsyn
1404,Horst Paulmann
5453,Julio Ponce Lerou
6030,Trevor Rees-Jones
4749,Mark Scheinberg
9681,Jeffrey Skoll
3634,Murat Ulker
2858,Daniel Ziff
9256,Dirk Ziff
6635,Robert Ziff
4451,Juergen Blickle
6191,Bernard Broermann
7593,Clive Calder
4278,Stanley Druckenmiller
9082,Ted Lerner
3732,Li Shuirong
7442,Lim Kok Thay
9884,Niels Peter Louis-Hansen
2633,Fredrik Lundberg
7664,Gwendolyn Sontheim Meyer
9527,J. Christopher Reyes
2316,Jude Reyes
7447,Alexandra Schoerghuber
1582,Sheldon Solow
8093,Lucio Tan
5232,Majid Al Futtaim
4901,Andrej Babis
2108,Dona Bertarelli
8895,Cai Kui
6338,Bidzina Ivanishvili
9301,"Jeremy Jacobs, Sr."
6079,Chris Larsen
1306,Patrick Lee
5042,Liang Wengen
7196,Denis O'Brien
2973,Kapil & Rahul Bhatia
6345,Jean-Pierre Cayard
5944,Chey Tae-Won
4658,Fang Wei
1538,Andrei Guriev
1781,Bertil Hult
8956,Ji Changqun
6861,"Paul Tudor Jones, Ii."
3931,Robert Miller
3574,Sergei Popov
6979,Juan Roig
2099,John Sall
3992,Leonard Stern
6366,Ye Chenghai
1606,Anthony Bamford
5992,Chu Mang Yee
5309,Juan Carlos Escotet
7085,Miguel Fluxa Rossello
5919,Andrew Forrest
2394,Paul Gauselmann
5101,Tamara Gustavson
4665,Micky Jagtiani
3129,Johan Johannson
3260,Richard Li
8656,John Morris
9326,Theo Mueller
3531,Akio Nitori
4208,Wolfgang Reimann
6906,Matthias Reimann-Andersen
8483,Stefan Reimann-Andersen
6412,Renate Reimann-Haas
2029,Robert Smith
8238,Russ Weiner
3419,Jeronimo Arango
6942,Rahul Bajaj
2365,Rainer Blickle
9012,Rocco Commisso
5650,Giuseppe De'Longhi
9750,Tilman Fertitta
2658,Nathan Kirsh
7475,Terrence Pegula
5909,Robert Pera
4481,Gary Rollins
8125,Randall Rollins
6729,Alejandro Santo Domingo
9889,Andres Santo Domingo
1875,Pham Nhat Vuong
9634,Roger Wang
2856,Stephen Bisciotti
2151,"Austen Cargill, Ii."
5330,"James Cargill, Ii."
9918,Archie Aldis Emmerson
9629,Antti Herlin
2147,Sumet Jiaravanon
4235,Lars Larsen
7033,Marianne Liebmann
7044,Bobby Murphy
5451,Igor Olenicoff
7668,"Walter Scott, Jr."
2340,"Clemmie Spangler, Jr."
6708,Wang Yusuo
4537,Carl Bennet
4824,Arthur Blank
3722,Jaran Chiaravanont
6670,Jack & Laura Dangermond
8826,Fan Hongwei
5053,John Gandel
5467,James Jannard
6620,Montri Jiaravanont
5943,Samuel Tak Lee
6231,Pawan Munjal
4467,Axel Oberwelland
9185,James Packer
2730,Isaac Perlmutter
1607,"H. Ross Perot, Sr."
6901,Michael Pieper
3918,Thomas Pritzker
8296,"Julian Robertson, Jr."
9786,Renzo Rosso
1754,Hussain Sajwani
9960,Yasumitsu Shigeta
6617,Evan Spiegel
1942,Wang Xing
9311,Kelcy Warren
4686,Ben Ashkenazy
8195,Ursula Bechtolsheimer-Kipp
2360,Otto Philipp Braun
3706,Che Jianxing
3290,Dagmar Dolby
7245,Traudl Engelhorn
8728,Dan Friedkin
4717,Sergei Galitsky
4482,Huang Rulun
8131,Erman Ilicak
6418,Ronald Lauder
1170,Michel Leclercq
5454,Michael Moritz
6122,Issad Rebrab
7261,Naguib Sawiris
2344,Richard Schulze
1831,B.R. Shetty
1285,Jeff Sutton
4259,Tony Tan Caktiong
6059,Yu Huijiao
1156,Zhang Xuexin
4053,Zhang Yiming
3863,Suhail Bahwan
1628,Rick Caruso
3691,Tom Gores
9331,Peter Hargreaves
6219,Daniela Herz
6792,Guenter Herz
2723,Masatoshi Ito
5978,Barry Lam
4571,Sudhir & Samir Mehta
3166,Ravi Pillai
5279,Stewart And Lynda Resnick
1141,Jerry Speyer
1407,Harry Stine
3790,George Ty
8718,Steven Udvar-Hazy
9675,Christoph Zeller
6865,Nathan Blecharczyk
5564,Hubert Burda
6954,Chen Dongsheng
7677,Brian Chesky
1824,Gustaf Douglas
8831,Joe Gebbia
6517,Peter Gilgan
9045,Jeff Greene
6441,Jiang Weiping
8030,Dominika & Sebastian Kulczyk
6292,Li Wa
6333,Robert Mcnair
4841,Masahiro Miki
1253,Katharina Otto-Bernstein
9911,Ira Rennert
9363,Henry Samueli
3787,Zeng Fangqin
4326,Zhang Jin
2495,Nick Caporella
5388,Mark Cuban
6299,Ken Fisher
4418,Jaime Gilinski Bacal
6947,Andreas Halvorsen
9093,H. Fisk Johnson
7781,Imogene Powers Johnson
1120,S. Curtis Johnson
3181,Helen Johnson-Leipold
4012,Winifred Johnson-Marquart
5636,Viatcheslav Kantor
8553,Samvel Karapetyan
2173,Marc Ladreit De Lacharriere
8733,Angela Leong
7105,Li Gaiteng
3538,Mangal Prabhat Lodha
1808,Michael Milken
4031,Yuri Milner
8102,Andreas Struengmann
6659,Thomas Struengmann
3922,Tse Ping
7121,Yitzhak Tshuva
5600,Samuel Yin
9660,Michael Ashley
1904,Cao Longxiang
6290,Jeffery Hildebrand
1340,Jiang Rensheng
4898,"Edward Johnson, Iv."
2205,Elizabeth Johnson
7505,Peter Kellogg
6985,Lim Sung-Ki
1529,Friedhelm Loh
9453,Kiran Mazumdar-Shaw
3216,Idan Ofer
9090,Karsanbhai Patel
4316,Qin Yinglin
1431,Qiu Guanghe
8712,Sarath Ratanavadi
2705,Rodger Riney
7433,Steven Spielberg
5421,Gabriele Volkmann
9445,Arne Wilhelmsen
7441,Xu Jingren
3659,Zhang Li
7524,Zhang Xin
7597,Anita Zucker
2038,Carlo Benetton
6541,Gilberto Benetton
6244,Giuliana Benetton
4989,Luciano Benetton
8707,Chen Bang
7808,Kuldip Singh & Gurbachan Singh Dhingra
3416,Abilio Dos Santos Diniz
9883,Bernard Ecclestone
6632,Judy Faulkner
6964,Gao Tianguo
8930,Joshua Harris
1516,Arthur Irving
5644,Baba Kalyani
4179,Dmitry Kamenshchik
2217,Douglas Leone
6425,Edwin Leong
6024,Arnon Milchan
3471,Maren Otto
5372,Anthony Pritzker
3005,Jay Robert (J.B.) Pritzker
7516,Mitchell Rales
7172,Kjell Inge Rokke
4181,"Bernard Saul, Ii."
6559,Donald Sterling
7818,Tahir
5329,Chairul Tanjung
2812,Clemens Toennies
9448,Somphote Ahunai
2037,Igor Altushkin
2910,Riley Bechtel
9152,"Stephen Bechtel, Jr."
9545,Mike Cannon-Brookes
1051,Rafael Del Pino Y Calvo-Sotelo
6142,Antonio Del Valle Ruiz
4171,Scott Farquhar
4583,Lindsay Fox
6828,Jimmy Haslam
7290,Heidi Horten
6727,Min Kao
5553,Melissa Ma
6712,Rudolf Maag
9582,Alexander Ponomarenko
3325,Carlos Rodriguez-Pastor
4752,Shashi & Ravi Ruia
1356,Teddy Sagi
3428,Shaul Shani
9614,Alexander Skorobogatko
2410,Sun Guangxin
9716,Rita Tong Liu
5168,Juan-Miguel Villar Mir
3333,Steve Wynn
1903,Anil Agarwal
5606,Abdulla Al Futtaim
4502,John Arnold
8160,Sid Bass
4294,Alain Bouchard
4525,John Brown
1539,Vanich Chaiyawan
4719,Chen Lip Keong
9536,Charles S. Cohen
1676,Ashwin Dani
8151,Rakesh Gangwal
1409,Reid Hoffman
5205,"Amos Hostetter, Jr."
5853,Zarakh Iliev
2908,Ji Qi
3582,Kenneth Langone
8938,Li Sze Lim
5374,George Lindemann
9854,Liu Zhongtian
5325,Luo Liguo
1495,Mary Alice Dorrance Malone
7089,"Henry Nicholas, Iii."
9141,God Nisanov
1413,Pat Stryker
5463,Alexander Svetakov
8754,Hans Peter Wild
7883,Yvonne Bauer
7543,Patrizio Bertelli
5687,Neil Bluhm
8068,Andrew & Peggy Cherng
2346,Scott Cook
7927,Leon G. Cooperman
5369,John Paul Dejoria
5707,Martin Ebner
2820,Walter Faria
4542,Sameer Gehlaut
7348,Tom Golisano
6050,Otto Happel
9084,Jiang Bin
3750,Karel Komarek
9672,Kurt Krieger
6072,Timur Kulibaev
5383,Dinara Kulibaeva
7512,Spiro Latsis
9878,Daniel Loeb
6094,Luo Jye
1625,Ronald Mcaulay
6579,Alain Merieux
6814,Hans Georg Naeder
9707,Nie Tengyun
8132,Daniel Och
7582,Miuccia Prada
8496,Marc Rowan
7058,Haim Saban
2524,Alvaro Saieh Bendeck
5380,Michael & Reiner Schmidt-Ruthenbeck
8796,Lynn Schusterman
9571,Mark Shoen
4632,Michal Solowow
1855,Daniel Tsai
8769,Richard Tsai
9447,Frank Wang
8984,Meg Whitman
9037,John Catsimatidis
3796,Do Won & Jin Sook Chang
6369,Cheng Cheung Ling
8783,Barry Diller
7149,Jack Dorsey
4608,Yakir Gabay
3988,Allan Goldman
1005,Jane Goldman
5872,Amy Goldman Fowler
7523,Daryl Katz
6836,Diane Kemper
4775,Vladimir Kim
4472,Lai Meisong
4453,Manuel Lao Hernandez
9888,James Leprino
4691,Liang Xinjun
8501,Tom Morris
8654,Thi Phuong Thao Nguyen
9712,Rajan Raheja
4558,Ren Jianhua
7655,Richard Sands
3592,Kerry Stokes
8257,Donald Trump
5307,Romesh T. Wadhwani
4910,Wang Jian
3342,Clifford Asness
9695,Anne Beaufour
3816,Henri Beaufour
4740,Tom Benson
4400,Jim Breyer
3522,Alejandro Bulgheroni
3475,Hasmukh Chudgar
3440,Ennio Doris
6444,Luis Frias
8315,Valentin Gapontsev
6482,Martin Haefner
2462,Christopher Hohn
1222,Johnelle Hunt
4667,Rakesh Jhunjhunwala
5245,Lu Xiangyang
8621,John Middleton
6045,Kazuo Okada
6754,Jorge Perez
3554,Prasert Prasarttong-Osoth
1067,Jean (Gigi) Pritzker
1053,Mochtar Riady
6027,Arkady Rotenberg
4001,Michael Rubin
9424,Robert Sands
4007,Herbert Simon
9155,Robert Toennies
1673,Manuel Villar
8434,Don Vultaggio
2075,Wang Zhenhua
1958,Wu Kaiting
1520,Simon Xie
9690,Chuck Bundrant
8480,Cai Dongchen
5313,Jose And Francisco Jose Calderon Rojas
3764,Jason Chang
2049,Smita Crishna-Godrej
3859,Ding Shizhong
6639,Feng Hailiang
4758,Gerald Ford
4962,Philippe Foriel-Destezet
5202,Adi Godrej
2452,Jamshyd Godrej
6671,Nadir Godrej
7490,Joseph Grendys
8464,Hedda Im Brahm-Droege
5880,Ke Zunhong
8637,Randal Kirk
6562,Alicia Koplowitz
5521,Kwek Leng Beng
5131,Louis Le Duff
6378,Yusaku Maezawa
8674,Sergio Mantegazza
7341,Hans Melchers
3727,Erwin Franz Mueller
7048,Rishad Naoroji
5277,Husnu Ozyegin
2622,Prajogo Pangestu
3697,Jeff Rothschild
3411,Thomas Siebel
1991,Paul Singer
8023,Ralph Sonnenberg
2833,Jon Stryker
3376,Georg Stumpf
3275,Tsai Hong-Tu
6201,Vincent Viola
7793,Radovan Vitek
7274,Wang Laichun
3646,Wang Laisheng
4062,Carlos Ardila Lülle
5351,"William Conway, Jr."
7155,Daniel D'Aniello
5934,Jim Davis
9371,Ding Shijia
5126,"John Dorrance, Iii."
2900,Doris Fisher
9667,John Fisher
2750,Caroline Hagen Kjos
3276,Kieu Hoang
9989,Huang Shih Tsai
4284,H. Wayne Huizenga
4072,Osman Kibar
3038,Aloke Lohia
4753,Taha Mikati
3062,Philip Niarchos
7708,Stefan Olsson
9710,Sebastian Piñera
7674,Penny Pritzker
7989,Nicolas Puech
6132,Chandru Raheja
6022,David Rubenstein
9294,Shi Yuzhu
7882,Zygmunt Solorz-Zak
7955,Tung Chee Chen
7502,Mark Walter
4956,"William Wrigley, Jr."
3833,Mortimer Zuckerman
4763,Mohed Altrad
2918,Anil Ambani
4083,Roberto Angelini Rossi
5412,Saeed Bin Butti Al Qebaisi
7941,Pierre Chen
5233,Ray Davis
6180,"Edward Debartolo, Jr."
3821,Bennett Dorrance
4339,Eduardo Eurnekian
7985,Piero Ferrari
7926,Fiona Geminder
5088,Gu Yuhua
3438,Don Hankey
3137,Reed Hastings
1218,Huang Wei
5095,James Irsay
2294,Kim Beom-Su
5541,Mustafa Kucuk
3509,Mohamed Mansour
7476,Najib Mikati
7354,Ermirio Pereira De Moraes
2385,Bob Parsons
6779,Krit Ratanarak
2060,Helena Revoredo
3587,Phillip Ruffin
4214,Howard Schultz
8775,E. Joe Shoen
5297,Thomas Straumann
9344,Lawrence Stroll
4135,Andrew Tan
6785,Tsai Cheng-Da
9147,Frank Vandersloot
6291,Sandro Veronesi
7470,Ty Warner
7023,Oprah Winfrey
3130,Zhang Wenzhong
1699,Zuo Hui
8840,Juan Abello
5565,Semahat Sevim Arsel
9436,Bang Jun-Hyuk
7658,Koos Bekker
8003,David Bonderman
1115,Francesco Gaetano Caltagirone
3576,John Caudwell
9481,Chen Fashu
5108,Chung Eui-Sun
2402,Isabel Dos Santos
8889,Fong Yun Wah
3195,Phillip Frost
9784,Lutz Mario Helmig
5469,B. Wayne Hughes
8292,Daniel Kretinsky
1152,Raj Kumar & Kishin Rk
2085,Lam Kong
5317,Lau Cho Kun
6853,"Stephen Mandel, Jr."
8042,Gilles Martin
9798,Daniel Mate
3811,Robert Miller
8492,Jorge Moll Filho
6766,Maria Helena Moraes Scripilliti
7059,Sean Parker
1963,Jay Paul
2476,Patrick Ryan
6829,Thomas Secunda
9130,Shen Wenrong
2702,Shen Yuxing
6506,Gil Shwed
3317,Song Zuowen
3520,Warren Stephens
8777,Glen Taylor
9224,Hanni Toosbuy Kasprzak
6005,Torbjorn Tornqvist
7610,Bulat Utemuratov
2605,Chip Wilson
9194,Jerry Yang
9890,Zhang Fan
2396,Zhu Xingliang
3577,Ramon Ang
7005,Edward Bass
9032,Lee Bass
8613,Bert Beveridge
4033,George Bishop
4147,Jaime Botin
3807,Norman Braman
6007,Chin Jong Hwa
6697,Cho Tak Wong
7811,John Coates
4568,Du Jiangtao
6783,Aloysio De Andrade Faria
7738,Kenneth Feld
7489,Luca Garavoglia
6968,Noam Gottesman
2248,Jonathan Gray
9330,Stein Erik Hagen
8744,Chang-Woo Han
1729,John Henry
9906,Lawrence Ho
6239,Hui Lin Chit
9100,Mustafa Rahmi Koc
6664,Kuan Kam Hon
6081,Jane Lauder
2645,Aerin Lauder Zinterhofer
3205,Maritsa Lazari
2312,Bernard Lewis
9044,Vincent Lo
5452,Jeffrey Lorberbaum
9861,Joe Mansueto
2164,Jose Roberto Marinho
7988,Roberto Irineu Marinho
6743,C. Dean Metropoulos
9070,Aristotelis Mistakidis
1009,Arturo Moreno
8393,Yoshiko Mori
2393,Adam Neumann
5385,Or Wai Sheun
7953,Richard Peery
5788,Horst Julius Pudwill
1437,P.V. Ramprasad Reddy
7796,Larry Robbins
5357,Carlos Sanchez
1783,Stephan Schmidheiny
4520,Klaus-Peter Schulenberg
3535,Charles Simonyi
8574,Mark Stevens
1976,Sze Man Bok
4533,Sarik Tara
4807,Lottie Tham
8890,Peter Thiel
5976,Elaine Wynn
6078,Denise York
5819,David Zalik
3647,Zhao Tao
7487,George Argyros
3241,John Arrillaga
4121,Charles Bronfman
2933,Peter Buck
9358,Chen Jinxia
9059,Vivien Chen
6310,Chu Lam Yiu
8417,Jean Coutu
6884,Jose Luis Cutrale
4361,Jai Hari & Yadu Hari Dalmia
7789,Bergit Douglas
7733,Alfredo Egydio Arruda Villela Filho
7712,Marcel Erni
5450,Andre Esteves
6150,Carlo Fidani
2860,Abhay Firodia
1292,Alfred Gantner
5216,Geng Jianming
7278,Mitchell Goldhar
2237,Hortensia Herrero
4026,Michael Hintze
7416,Igor Kesaev
1388,Koon Poh Keong
1666,Hermann Langness
6117,Li Zhongchu
9514,Alexander Mamut
5109,Joao Roberto Marinho
2893,"Drayton Mclane, Jr."
9275,Patrice Motsepe
9779,Alfred Oetker
8303,August Oetker
4932,Carl Ferdinand Oetker
6629,Christian Oetker
5139,Julia Oetker
3950,Richard Oetker
8687,Daniel Pritzker
5781,John Pritzker
7362,Nevaldo Rocha
4128,Luigi Rovati
5505,Ferit Faik Sahenk
9574,Rosely Schweizer
5394,Eric Smidt
1317,Alexander Spanos
8103,Leena Tewari
7042,Tong Jinquan
9662,Peter Unger
1952,Sunny Varkey
5883,Urs Wietlisbach
2222,Michael Ying
5519,Yu Minhong
9317,Eva Maria Bucher-Haefner
4468,Chen Hua
6104,Gustavo Denegri
7553,Dermot Desmond
5300,Murali Divi
6280,Thomas Flohr
4069,Bernard Fraisse
6125,Harsh Goenka
7359,David Gottesman
8426,Murli Dhar & Bimal Kumar Gyanchandani
7422,Bill Haslam
1905,Hu Baifan
4875,W. Herbert Hunt
2395,Alijan Ibragimov
6930,Bradley Jacobs
4514,Brad Kelley
7824,Vinod Khosla
1907,Stephen Lansdown
1343,Martin Lau
2157,Lee Joong-Keun
4333,Lin Li
9526,Kenneth Lo
4967,Alexander Machkevich
2640,Clayton Mathile
6336,Stanley Perron
2501,J. Joe Ricketts
1367,Dirk Rossmann
5736,Filiz Sahenk
9440,Dan Snyder
2098,Peter Spuhler
6827,Tang Yiu
3843,John Tyson
2516,Wong Man Li
8115,Lia Maria Aguiar
2535,Aziz Akhannouch
7280,Ron Baron
6228,Shyam & Hari Bhartia
4428,Timothy Boyle
8792,Tatiana Casiraghi
9588,Chan Tan Ching-Fen
7250,"Chase Coleman, Iii."
5067,Mark Coombs
5893,James Coulter
6069,Dulce Pugliese De Godoy Bueno
9146,Ana Lucia De Mattos Barretto Villela
8018,"Frank Fertitta, Iii."
7933,Lorenzo Fertitta
8932,Maria Franca Fissolo
7901,Alexander Frolov
4584,"Ernest Garcia, Ii."
3712,Alexandre Grendene Bartelle
4870,Vinod & Anil Rai Gupta
3133,Torstein Hagen
1701,He Qiaonv
4446,Hans-Werner Hector
1929,Stanley Hubbard
7724,Ke Xiping
3867,Suna Kirac
8499,Kong Jian Min
1484,Koo Bon-Moo
1107,Heikki Kyostila
6047,Thomas Lee
4802,Eric Lefkofsky
4847,Peter Lim
5197,Scott Lin
2832,Tomas Olivo Lopez
5569,Phillip T. (Terry) Ragon
7190,Stewart Rahr
4964,T. Denny Sanford
8230,"Julio Mario Santo Domingo, Iii."
5184,"Karl Scheufele, Iii."
8579,Shen Guojun
2778,Alain Taravella
9074,Oleg Tinkov
4493,T.Y. Tsai
8966,Tung Chee Hwa
6576,Ted Turner
8331,Sunil Vaswani
2571,Jitendra Virwani
2197,Lang Walker
9242,Wu Zhigang
8473,Xiao Wenge
7096,Xiong Xuqiang
7326,Takao Yasuda
3559,William Young
8383,Eddie & Sol Zakay
5786,Zhang Xiugen
6121,Leslie Alexander
3319,Patricia Angelini Rossi
5043,Josef Boquoi
1062,Nikolai Buinov
1199,Richard Chandler
1795,Cheng Xue
2304,Patokh Chodiev
1843,Choo Chong Ngen
7226,Todd Christopher
2327,John De Mol
7565,Bob Gaglardi
8162,Gordon Getty
6933,Philippe Ginestet
5119,Sanjiv Goenka
8958,Alec Gores
9175,David Hains
3439,Bahaa Hariri
5983,William Heinecke
1056,Huang Hongyun
5097,Huang Zhenda
1614,Ravi Jaipuria
6548,Jiang Yehua
3271,Manuel Jove
3016,Willibert Krueger
3374,Kuok Khoon Hong
1548,Christian Latouche
4966,Guenther Lehmann
8725,Li Hongxin
8823,Li Xiting
1756,Liang Yunchao
3127,Brandt Louie
1451,Catherine Lozick
3215,Igor Makarov
8737,Mao Lixiang
3886,Harsh Mariwala
4606,Martin Moller Nielsen
4156,David Murdock
4060,N.R. Narayana Murthy
3788,Georg Nemetschek
3315,Vikas Oberoi
8758,Maja Oeri
6417,Ong Beng Seng And Christina Ong
3412,"H. Ross Perot, Jr."
1213,Tor Peterson
5910,Heloise Pratt
2600,Alexey Repik
2055,Shin Chang-Jae
7805,Kavitark Ram Shriram
8555,Sylvia Stroeher
6454,Katsumi Tada
1411,Tang Shing-Bor
7360,Georg Von Opel
8970,David Walentas
3354,Ronald Wanek
1839,Wang Changtian
1643,Wang Wenjing
2013,Ye Cheng
4983,Zhu Gongshan
4444,Antti Aarnio-Wihuri
3515,S. Daniel Abraham
3136,Joao Alves De Queiroz Filho
5837,Mika Anttonen
2732,Thor Bjorgolfsson
3533,Andrei Bokarev
4759,Bernhard Braun-Luedicke
8548,Eva Maria Braun-Luedicke
8203,Friederike Braun-Luedicke
2417,Ron Burkle
6899,Vivek Chand Burman
9944,Chen Yung-Tai
9661,James Clark
3468,Christopher Cline
9640,Alexandra Daitch
3735,Dong Wei
1954,Fritz Draexlmaier
6542,Glenn Dubin
2787,Robert Duggan
1743,Jayme Garfinkel
2400,Sam Goi
1084,Thomas Hagen
8432,Carlos Hank Rhon
2939,Christoph Henkel
7984,Hu Kaijun
8468,Huang Yi
9312,Ramesh Juneja
9485,Bruce Karsh
3162,Henry Laufer
1032,Lee Boo-Jin
9530,Lee Jay-Hyun
5419,Wolfgang Leitner
5613,Li Ge
7836,Harald Link
8173,Liu Ming Hui
8581,Jeffrey Lurie
1193,Ma Xingtian
6316,Sarah Macmillan
3598,Howard Marks
4922,Miao Shouliang
4376,Lachhman Das Mittal
4671,Mario Moretti Polegato
8262,Vadim Moshkovich
7022,Mofatraj Munot
5155,Jonathan Nelson
5102,Florentino Perez
8990,Chuchat & Daonapa Petaumpai
4120,Peter Peterson
5035,Arvind Poddar
4364,Murdaya Poo
9967,Ren Zhengfei
7324,Antony Ressler
9212,Francisco Jose Riberas Mera
3263,Rodney Sacks
8122,Hilton Schlosberg
3676,Brian Sheth
6314,Lucy Stitzer
7589,Su Suyu
4679,Satoshi Suzuki
5694,Katherine Tanner
3778,Arvind Tiku
7238,Wang Liping
8482,Wang Xicheng
4963,Wei Shaojun
6113,Amy Wyss
1308,Jon Yarbrough
7629,Vladimir Yevtushenkov
2598,Charles Zegar
7420,Zhu Baoguo
9949,Saif Al Ghurair
6777,Syed Mokhtar Albukhary
5029,Miriam Baumann-Blocher
4935,Albert Berner
7108,Thomas Bruch
8566,Chang Yun Chung
8299,Kiat Chiaravanont
9325,Jean-Paul And Martine Clozel
2347,Benjamin De Rothschild
2277,James Dinan
9403,Charles Edelstenne
6118,Bernd Freier
8781,Bill Gross
8587,Jeffrey Gundlach
2572,Suat Gunsel
3526,Shmuel Harlap
6108,Roberto Hernandez Ramirez
2074,Johannes Kaercher
7263,Friedrich Knapp
7427,Lee Myung-Hee
2543,Lee Seo-Hyun
3801,Liang Jiankun
5957,Liao Long-Shing
9522,Lin Shu-Hong
4241,Yasseen Mansour
9933,David Nahmad
5658,Alexander Nesis
3080,Nandan Nilekani
9862,Ranjan Pai
4302,Park Hyeon-Joo
1879,Jennifer Pritzker
3089,Qiu Jianping
8088,Megdet Rahimkulov
2009,Vito Rodriguez Rodriguez
2799,Stephen Rubin
2225,Remo Ruffini
1369,Erik Selin
1759,Peter Sondakh
2331,Alan N. Trefler
3429,Tseng Shin-Yi
9430,Masateru Uno
8527,Wang Qingtao
6898,Evan Williams
1169,Gustav Magnar Witzoe
8625,Horst Wortmann
5094,Xiao Yongming
4929,Xie Zhikun
6804,Xue Xiangdong
9601,Yuan Yafei
2295,Robin Zeng
5439,Zhang Daocai
5256,Zhang Xuansong
5661,Zheng Yuewen
3626,Zhou Xiaoguang
3872,Susanne Zimmermann Von Siefart 
3040,Aras Agalarov
8312,Maurice Alter
2065,An Kang
7706,Alex Beard
5856,Nicolas Berggruen
4367,Vladimir Bogdanov
6565,Julio Bozano
2119,Anna Maria Braun
2066,Johanna Braun
1717,Karl Friedrich Braun
9248,Anand Burman
6788,Edouard Carmignac
6848,Chen Jianhua
9280,Cheung Yan
7852,Chung Mong-Joon
3564,Jack Cowin
4684,Cui Genliang
5084,Kommer Damen
2244,Diego Della Valle
1298,Dou Zhenggang
4394,N. Murray Edwards
7046,Gabriel Escarrer
7626,Clement Fayat
7425,James France
5147,Senapathy Gopalakrishnan
2546,David Harding
6549,Stewart Horejsi
9534,Huang Qisen
7187,Hamilton James
6703,John Kapoor
5093,William Lauder
3186,Li Zongsong
2406,Willy Michel
3901,Masahiro Noda
1226,Gregorio Perez Companc
5356,Linda Pritzker
8215,Qin Hui
9192,Matthias Reinhart
5638,Brian Roberts
6176,Alberto Roemmers
6041,Gerald Schwartz
9717,Thaksin Shinawatra
9841,William Stone
9000,Petter Stordalen
3926,Julia Stoschek
6249,Maximilian Stoschek
1128,Sun Shoukuan
9313,Ba Duong Tran
1556,Hamdi Ulukaya
1592,Wong Luen Hei
5397,Wu Yulan
2699,Xu Hang
8307,Yang Erzhu
1146,Yao Kuizhang
2829,Sheng Jian Zhong
9221,Marcel Adams
5023,"Herbert Allen, Jr."
7876,Michael Ashcroft
9929,Roman Avdeev
7207,Emilio Azcarraga Jean
4896,Sezai Bacaksiz
5531,Lesley Bamberger
4028,Angela Bennett
8380,Hubertus Benteler
3602,Ludwig Theodor Braun
7291,Nicola Bulgari
2764,Paolo Bulgari
5678,Chen Dejun
2227,Tony Chen
4027,Chen Xueli
8507,Luigi Cremonini
5629,Dominique Desseigne
3625,Sefik Yilmaz Dizdar
1010,Domenico Dolce
4077,Pavel Durov
8972,John Farber
1926,Robert Fisher
7458,William Fisher
8991,Stefano Gabbana
4611,Rolf Gerling
7071,Serge Godin
8211,Sergei Gordeev
5444,Mehmet Nazif Gunal
5478,Yusuf Hamied
2270,Gerry Harvey
2937,Timothy Headington
8424,Huang Chulong
2773,Huo Qinghua
8329,Devendra Jain
8589,Jiang Yintai
2505,"Jim Justice, Ii."
1328,Kim Jun-Ki
4973,William Koch
6817,Anthony Langley
4767,Marc Lasry
6382,Peter Leibinger
1767,Regine Leibinger
4011,Li San Yim
4024,David Lichtenstein
3494,Lim Oon Kuin
3877,Liu Ming Chung
1760,Ma Xiuhui
4190,Prayudh Mahagitsiri
4940,Anand Mahindra
6615,Kishore Mariwala
8363,Craig Mccaw
3459,Miguel Mckelvey
7634,Vincent Mcmahon
5563,David Mcmurtry
9262,Gary Michelson
1341,Massimo Moratti
6477,Farhad Moshiri
2706,Jerry Moyes
8669,Charles Munger
7753,Kerr Neilson
3177,Ou Zongrong
9499,Nihat Ozdemir
3896,Pan Weiming
2247,Park Yeon-Cha
1186,Nelson Peltz
8378,Roger Penske
3426,Qi Jinxing
7932,Qi Shi
2619,Theodore Rachmat
8016,Juan Maria Riberas Mera
6195,Vijay Shekhar Sharma
2657,Konstantin Strukov
2214,Henry Swieca
7527,Wichai Thongtang
8778,Torsten Toeller
1290,Roman Trotsenko
4166,Todd Wagner
2945,Wang Chaobin
7371,Wang Yanqing
3116,John Whittaker
2239,Wu Guangming
6876,Xu Qiming
6846,Zhang Xiaojuan
4355,Melih Abdulhayoglu
5122,Radhe Shyam Agarwal
1589,Mohamed Al Fayed
5668,Faisal Bin Qassim Al Thani
1033,William F. Austin
7592,Louis Bacon
3090,Achal Bakeri
8414,Othman Benjelloun
7312,William Berkley
2057,Aneel Bhusri
4790,O. Francis Biondi
9493,John Bloor
2851,David Booth
8387,Cai Wensheng
2755,Ahmet Calik
7520,Michel Chalhoub
5538,Chen Xiaoying
7146,Cho Jung-Ho
3655,Turgay Ciner
1345,Steve Conine
8924,Jacques D'Amours
9814,Robert Defares
2242,Alexander Dzhaparidze
4892,Stephen Feinberg
9387,Paul Foster
2966,Mario Gabelli
4039,Marcos Galperin
5911,Radhe Shyam Goenka
1229,Christopher Goldsbury
9240,Stelios Haji-Ioannou
3445,Ilkka Herlin
2754,Brian Higgins
2220,Stephen Jarislowsky
1725,Michael Jordan
8056,Kenji Kasahara
3280,Kim Taek-Jin
1351,Edward Lampert
8052,Thomas Lau
9578,Thai Lee
2661,Lei Jufang
7099,Li Li
7854,Li Liufa
5060,Liu Hanyuan
1525,Pier Luigi Loro Piana
6936,Billy Joe (Red) Mccombs
6483,Gian Marco Moratti
8082,Manuel Moroun
8546,Robert Mouawad
3661,Marius Nacht
3351,Ni Zugen
9495,Lirio Parisotto
6644,Karl-Johan Persson
1890,Tom Persson
5982,Dmitry Pumpyansky
6651,Ruan Shuilong
7749,Jean Salata
2591,Sheryl Sandberg
7904,Niraj Shah
4806,Shin Dong-Guk
3665,Ben Silbermann
2301,Charlotte Soderstrom
5824,Thomas Steyer
3037,Su Weizhong
3093,David Teoh
5670,Wang Jinshu
4628,Wang Yaohai
7134,Charlotte Colket Weber
6808,Wei Ing-Chou
7931,Yin-Chun Wei
2911,Wei Yin-Heng
1485,Wei Ying-Chiao
3544,Richard White
7163,Allan Wong
4926,Wong Kwong Yu
6300,Wu Jianshu
7253,Wu Xu
1230,Wu Xushun
8460,Luis Enrique Yarur Rey
1595,Albert Yeung
1678,Yu Rong
9054,Kostyantin Zhevago
1630,Zhou Chengjian
1077,Zhou Yaoting
9359,Zhuang Kuilong
8884,Jose Joao Abdalla Filho
2609,Khalifa Bin Butti Al Muhairi
9623,Folorunsho Alakija
7691,Bill Alfond
6676,Susan Alfond
5196,Ted Alfond
6286,Joy Alukkas
1626,Andrey Andreev
9592,Carol Jenkins Barnett
5263,Oleg Boyko
8384,Ana Maria Brescia Cafferata
2053,Binod Chaudhary
9515,Che Fengsheng
1028,Chen Qingzhou
5434,Richard Desmond
6139,Mohammed Dewji
3629,Carl Douglas
7678,Eric Douglas
9630,Bulent Eczacibasi
1384,Faruk Eczacibasi
3262,Martha Ford
2235,Yasuhiro Fukushima
8478,Reinold Geiger
3934,Saad Hariri
7544,Richard Hayne
1083,Ilona Herlin
7888,Asok Kumar Hiranandani
2339,Niranjan Hiranandani
1250,Huang Qiaoling
5882,Huang Zhuangmian
6973,Hal Jackman
1533,Anurang Jain
8809,Keeree Kanjanapas
6519,Kim Nam-Jung
3879,Seth Klarman
3039,Alexander Klyachin
4924,Yuriy Kosiuk
1998,Miguel Krigsner
6018,Lee Yin Yee
5299,Nicola Leibinger-Kammueller
6895,Li Weiwei
6472,William Li
4484,Li Yihai
7739,Li Yong
2040,Lin Ming-Hsiung
4610,Lou Zhongfu
3013,Low Tuck Kwong
1220,P.N.C. Menon
9537,Thomas Meyer
1889,Ezra Nahmad
7752,Judith Neilson
4904,Madeleine Olsson Ericksson
8821,Ou Zonghong
7166,Eren Ozmen
3323,Fatih Ozmen
1440,Jose Isaac Peres
7003,Mark Pincus
3441,Kevin Plank
9318,"Nicholas Pritzker, Ii."
5986,Que Wenbin
5515,Jorge Rodriguez Rodriguez
8827,Nobutada Saji
5123,Thomas Sandell
1513,Eddy Kusnadi Sariaatmadja
7434,Fayez Sarofim
9674,Monika Schoeller
5287,Antonio Luiz Seabra
9267,Yuri Shefler
9120,Rajju Shroff
3461,Frank Stronach
1619,Kevin Systrom
5512,Tang Hsiang-Chien
6248,Tang Jianfang
6982,Ning Tang
3572,Jim Thompson
6707,Jonathan Tisch
1698,Kenneth Tuchman
4942,Wim Van Der Leegte
2940,Shamsheer Vayalil
4902,Thongma Vijitpongpun
6962,Arkady Volozh
6881,Stefan Von Holtzbrinck
7638,Wang Jiufang
6282,Wong Hong King
4274,Ian Wood
5247,Xiao Chunhong
6343,Jacky Xu
7097,Zhang Hongwei
9726,Zhang Tao
2929,Anu Aga
3680,Farkhad Akhmedov
3172,Alberto Alcocer
2397,Bassam Alghanim
5502,Kutayba Alghanim
8121,Alexandra Andresen
1898,Katharina Andresen
4351,Vasily Anisimov
5710,Mori Arkin
7041,Nigel Austin
6844,Krishna Kumar Bangur
1286,Herb Chambers
6864,R.G. Chandramogan
2819,Chang Pyung-Soon
3387,Chao Teng-Hsiung
5886,Chen Liying
7875,Chen Tianqiao
1024,Henry Cheng
7783,Chey Ki-Won
2141,Chi Yufeng
6181,Chua Thian Poh
6381,Chung Yong-Jin
1694,Ciputra
3575,Alberto Cortina
4653,"Robert Coyiuto, Jr."
9390,Maria Del Pino Y Calvo-Sotelo
5890,K. Dinesh
1221,Du Weimin
2307,John Edson
6251,David Einhorn
5841,Bob Ell
4104,Gary Fegel
6395,Victor Fung
7635,William Fung
6375,Alan Gerry
8627,Balkrishan Goenka
1797,Polys Haji-Ioannou
4466,Mehmet Hattat
3155,J. Tomilson Hill
7574,Eduardo Hochschild
5020,Hoi Kin Hong
6106,Hur Young-In
4579,George Joseph
9173,Ronald Joyce
8333,T.S. Kalyanaraman
8398,Nimesh Kampani
7572,Eugene Kaspersky
3534,Viktor Kharitonin
8747,Pyotr Kondrashev
8156,Yuri Kovalchuk
7151,Kagemasa Kozuki
1983,Michael Krasny
2639,James Leininger
2760,Li Guoqiang
8014,Li Liangbin
4865,Liu Ko-Chen
6334,Anatoly Lomakin
8704,Ma Hong
3041,Gary Magness
2831,Youssef Mansour
5371,Strive Masiyiwa
7451,Dariusz Milek
9253,Nan Cunhui
2763,Dinesh Nandwana
1263,Oei Hong Leong
2978,Rubens Ometto Silveira Mello
3850,Ou Xueming
8936,Markus Persson
2116,Victor Pinchuk
2444,Alberto Prada
8665,Marina Prada
4707,Forrest Preston
4447,Jerry Reinsdorf
9236,Fernando Roig
7630,Subhash Runwal
8300,Yoshiyuki Sankai
1237,Kirill Shamalov
6938,Shin Dong-Bin
4325,Evgeny (Eugene) Shvidler
7895,Jasminder Singh
3854,Martua Sitorus
8385,Peter Sperling
9593,Jerzy Starak
8330,Manny Stul
9061,Su Rubo
4678,Fuat Tosyali
5907,Kenny Troutt
3447,Rufino Vigil Gonzalez
3930,Wang Jianfeng
1380,Wang Jing
6781,Wang Qunbin
9858,Dan Wilks
3645,Farris Wilks
5555,Thomas Wu
5898,Yi Zheng
2370,Yuan Fugen
5688,"Richard Yuengling, Jr."
5637,Gavril Yushvaev
9008,Zeng Kaitian
2936,Zhang Wanzhen
4639,Zhang Yubai
9957,Changpeng Zhao
9819,Zhou Yifeng
9271,Zhou Yongli
2432,Zhu Wenchen
9203,Ahmet Nazif Zorlu
3027,Len Ainsworth
1185,Edmund Ansin
2236,Markus Blocher
8422,Leonid Boguslavsky
3728,Jorge Horacio Brito
6120,Saket Burman
5712,Steve Case
2766,Jeffrey Cheah
4820,Bruce Cheng
9718,Cheng Xianfeng
2121,Ivan Chrenko
3373,Eduardo Cojuangco
1938,Brunello Cucinelli
7131,Darwin Deason
9099,Andrea Della Valle
2224,Jamie Dimon
8978,Charles Dunstone
8848,Bruce Flatt
5839,Fu Meicheng
7472,Soichiro Fukutake
8861,Don Gao
5716,Gao Yunfeng
9635,Anne Gittinger
2155,Clelia Haji-Ioannou
4936,John Hancock
4346,Ronnen Harary
3383,Ayman Hariri
7804,Fahd Hariri
4669,Surendra Hiranandani
1349,Alan Howard
2880,Hu Keqin
9670,Archie Hwang
5390,Irwin Jacobs
3139,Mitchell Jacobson
1320,Rana Kapoor
5080,Alexander Karp
8560,Raghuvinder Kataria
2314,Habil Khorakiwala
6736,Sidney Kimmel
2874,Andre Koo
4874,Koo Bon-Neung
8985,Andrei Kosogov
6568,Lee Ho-Jin
7255,Solomon Lew
2031,Rodney Lewis
5583,Li Jiaquan
9444,Lin Fanlian
8584,Lin Jianhua
9731,Lin Tianfu
1563,Louise Lindh
7252,Liu Baolin
9832,Jose Llado Fernandez-Urrutia
3519,Lu Di
7271,"Cargill Macmillan, Iii."
6335,John Macmillan
8134,Martha Macmillan
1458,William Macmillan
4620,Katarina Martinson
1881,Craig Newmark
4651,Bruce Nordstrom
1234,Pierre Karl Péladeau
4553,David Penaloza Alanis
1997,Andreas Pohl
7349,"Reinfried Pohl, Jr."
5030,Mahendra Prasad
1498,Anton Rabie
8044,Bianca Rinehart
8204,Ginia Rinehart
7320,Alexander Rovt
9458,Lily Safra
5611,Deniz Sahenk
3944,Karin Schick
7138,Leonard Schleifer
3307,Dieter Schnabel
7267,Bhadresh Shah
1511,Shao Qinxiang
9222,Eric Ya Shen
5640,Nobutoshi Shimamura
9700,Shum Chiu Hung
3738,Helmut Sohmen
4843,Sun Qinghuan
8475,Sun Yinhuan
1853,Djoko Susanto
4174,Erol Tabanca
1883,Alexander Tedja
4972,Wilma Tisch
6935,Ayhan Tosyali
8267,Fatih Tosyali
3741,Tran Dinh Long
9422,Tsai Ming-Kai
8327,Pavel Tykac
8764,Jayshree Ullal
5529,Wan Long
6998,Wang Muqing
3752,Wang Yong
7051,Hope Welker
7106,Wen Yibo
7398,Stephen T. Winn
7405,Gordon Wu
9963,Wu Lanlan
4334,Xu Ziquan
1405,Yang Meirong
1172,Yang Tingdong
4084,You Xiaoping
6002,Yu Peidi
2162,Yu Qibing
3125,Yu Yunxin
4645,Zan Shengda
8994,Zhang Guiping
5004,Zhao Weiguo
6426,Zheng Jianjiang
3432,Hamad Bin Jassim Bin Jaber Al Thani
1181,Fawzi Al-Kharafi
7482,Mohannad Al-Kharafi
4960,Isak Andic
6960,Marc Andreessen
1777,Jose Maria Aristrain
4019,Thomas Bailey
9988,Harindarpal Banga
7831,Elena Baturina
2072,Eduardo Belmont Anderson
5679,Tomasz Biernacki
9607,Zadik Bino
8855,Brett Blundy
9823,Henadiy Boholyubov
3191,Charles Brandes
3839,Amit Burman
2629,Cai Dongqing
6931,Chen Bo
8418,Cheng Wei
8856,Phongthep Chiaravanont
7911,Kochouseph Chittilappilly
3869,Chu Jinfu
3911,Eduardo Costantini
3289,Sol Daurella
5681,Philip Day
7449,D. Leopoldo Del Pino Y Calvo-Sotelo
1490,Norbert Dentressangle
3832,Beda Diethelm
7093,Mark Dixon
1597,Henry Engelhardt
3363,Fang Hongbo
4937,Gleb Fetisov
5225,Donald Foss
1687,Robert Friedland
7222,Donald Friese
3368,Fu Guangming
4564,Dan Gertler
9663,Dennis Gillings
1738,Ryan Graves
5933,Gu Wei
7258,Alfredo Harp Helu
5504,Gudrun Heine
3453,Francis Holder
9308,Hong Seok-Joh
6987,Douglas Hsu
7639,Huang Jianrong
5859,"B. Wayne Hughes, Jr."
8081,Daisy Igel
7000,Thomas James
2114,Jiang Ganjun
5041,Jiang Zhaobai
8975,Jin Huiming
7643,Ajay Kalsi
9091,Helga Kellerhals
8900,King Pak Fu
1989,Sergei Kolesnikov
9553,Hemendra Kothari
6887,Eiichi Kuriwada
2509,Guy Laliberté
2636,Lee Hae-Jin
7715,Michael Lee-Chin
5719,Li Guangyu
6281,Li Jun
1822,Li Rucheng
7782,Li Xuhui
6352,Lim Wee Chai
7378,Liu Jiang
3991,Liu Xuejing
3828,Liu Zhenguo
6000,Lo Ka Shui
5171,Lo Siu-Tong
5598,Tobi Lutke
1227,Ma Yunsheng
4527,Ziyavudin Magomedov
1100,Ana Maria Marcondes Penido Sant'Anna
3906,Terence (Terry) Matthews
1108,Gail Miller
2267,Andrei Molchanov
1551,Ni Zhaoxing
7275,Kentaro Ogawa
3607,Erik Paulsson
6726,Peng Hao
5817,Stefan Pierer
4941,Michael Price
2207,Clayton Riddell
1057,Boris Rotenberg
5557,Igor Rybakov
9261,Stephen Saad
8710,K. Rai Sahi
5456,Airat Shaimiev
6407,Radik Shaimiev
7330,Shang Jiyong
4390,Mikhail Shelkov
7175,S.D. Shibulal
4441,Ron Sim
4895,Leonid Simanovsky
4543,Basudeo Singh
6391,Samprada Singh
3003,Terry Snow
1874,Lynsi Snyder
3543,Sybill Storz
8766,Harjo Sutanto
9951,Yoshikazu Tanaka
4497,Mehmet Sinan Tara
8058,Rit Thirakomen
6097,Tian Ming
5306,Ion Tiriac
4043,Ivar Tollefsen
9671,Mustafa Latif Topbas
9842,Thomas Tull
1773,John Van Lieshout
5524,Wang Han
3772,Wang Junjin
3999,Wang Wenbiao
8774,"Alfred West, Jr."
8365,Wu Daohong
3755,Wu Yiling
8847,Xiu Laigui
6841,Xu Xiong
1397,Xu Xudong
7583,Xue Hua
4143,Vadim Yakunin
3472,Yan Yude
9793,Yang Keng
1946,Yang Shaopeng
7141,Zhang Cheng Fei
3851,Zhang Jingzhang
9237,Zhang Keqiang
3230,Zhang Xuanning
7972,Zhang Zhangsun
6163,Zhou Bajin
6723,Zhou Wenyu
1098,William Ackman
6293,Soegiarto Adikoesoemo
8606,Ali Ibrahim Agaoglu
5728,Hamdi Akin
8286,Chirayu Amin
4068,Mehmet Aydinlar
3836,Emanuella Barilla
2606,Guido Barilla
8247,Luca Barilla
3683,Paolo Barilla
8280,Mehmet Rustu Basaran
3102,J. Hyatt Brown
2923,Bu Yang
1246,Hideyuki Busujima
8150,Cai Rongjun
6654,Cai Xiaoru
1834,Delfin Jorge Ezequiel Carballo
4600,Chen Jinshi
3510,Chen Qixing
8883,Chen Shiliang
8866,Chen Xiaxin
8836,Manas Chiaravanond
4599,Yupa Chiaravanond
3780,Prathip Chiravanond
5549,Gustavo Cisneros
2965,Sandor Csanyi
6800,Cui Lijie
7820,Dang Yanbao
3871,Bharat Desai
3052,Joseph Edelman
4506,Wolfgang Egger
5092,Andrei Filatov
7213,Paul Fireman
7864,J. Christopher Flowers
9364,Fu Kwan
5902,Sheela Gautam
8208,Drew Houston
2007,Huang Shilin
8832,Huang Wen Tsai
1180,Mohammed Ibrahim
9821,Hiroshi Ishibashi
3967,Bent Jensen
9754,Chatchai Kaewbootta
9478,Jonas Kamprad
7640,Mathias Kamprad
9355,Peter Kamprad
7652,Madhu Kapur
8497,Richard Kayne
8171,Vladimir Kogan
1360,Koh Wee Meng
8004,Koo Bon-Joon
2540,Lam Lung On
3594,Isaac Larian
3314,Frank Laukien
6305,Lee Joon-Ho
2521,Lee Sang-Hyuk
6029,Nancy Lerner
9246,Norma Lerner
5885,Randolph Lerner
4569,David Xueling Li
5581,Li Tan
8051,Li Weiguo
7353,Liang Feng
8032,Liang Guangwei
6764,Liang Shezeng
4623,Liao Chang
1621,Jenny Lindén Urnes
8946,Liu Zhendong
6793,Liu Zhiqiang
4508,Jonathan Lu
5484,William Macaulay
4209,John Martin
9010,Yves-Loic Martin
4459,Satish Mehta
4556,Nikita Mishin
2611,Konstantin Nikolaev
1544,Simon Nixon
5544,Michael O'Leary
2783,Liora Ofer
7370,Roberto Ongpin
1800,Niti Osathanugrah
9272,Frank Otto
1635,Gretel Packer
9722,Alberto Palatchi
6264,Peng Jianhu
9067,Lucy Peng
2319,Andrei Rappoport
2219,Andrea Reimann-Ciardelli
5049,Igor Rotenberg
2181,Alan Rydge
6206,Chris Sacca
2602,Alexander Samwer
6429,Marc Samwer
8550,Oliver Samwer
7411,Neil Shen
7594,Albert Shigaboutdinov
4939,Shin Dong-Joo
1847,Yoshiko Shinohara
1206,Analjit Singh
1333,Stephen Smith
4492,Michael Steinhardt
6263,Svein Stole
3248,Rustem Sulteev
5034,Julio Patricio Supervielle
4476,Min-Liang Tan
2372,Hary Tanoesoedibjo
9968,Sukanto Tanoto
5073,Tiong Hiew King
1686,Laurie Tisch
9488,Steven Tisch
6325,James Truchard
1807,Vardis Vardinoyannis
8578,Murat Vargi
6567,Wan Lianbu
2086,Wang Miaotong
8318,Wang Zhenghua
8902,Wen Jianping
8788,Myron Wentz
3395,Xia Zuoquan
3207,Swift Xie
1652,Yao Jinbo
2673,Fatma Tuba Yazici
2567,Zhang Zhirong
8833,Zhao Yan
7070,Zhou Zongwen
1457,Raamdeo Agrawal
7843,Maurizio Billi
5428,Sara Blakely
7732,Pete Bodharamik
4957,Cao Kejian
6641,Morris Chang
2140,Richard Chang
8243,Chen Jianming
5652,Cho Yang-Rai
3001,Yvon Chouinard
9873,Eduard Chukhlebov
7262,Jack Cockwell
2483,John Collison
5807,Patrick Collison
7907,Henry Davis
7122,Francois Feuillet
8798,Susumu Fujita
6243,Filaret Galchev
6886,Yuri Gushchin
7936,David Hall
2446,He Simo
8629,Hon Kwok Lung
9324,Elie Horn
7136,Huang Bingwen
8413,Huang Xiaofen
1655,Masayuki Ishihara
4412,Tarang Jain
7002,Jiang Wei
4363,Jiang Xuefei
2903,David Kabiller
9340,Morris Kahn
8024,"Anton Kathrein, Jr."
5741,Kim Dae-Il
8419,Michael Kim
4369,Ihor Kolomoyskyy
1162,Koo Bon-Sik
6200,Igor Kudryashkin
1244,Lev Kvetnoi
5577,Theodore Leonsis
9719,Lev Leviev
2176,Liang Zhaoxian
9124,John Liew
1207,Paul Little
7363,Liu Fuhai
4916,Liu Jincheng
2712,Liu Shaoxi
1624,Lu Weiding
5989,Duncan Macmillan
6678,George Marcus
5917,Bernardo Matte
6932,Eliodoro Matte
1153,Mi Enhua
3362,Lowell Milken
8486,Nirmal Minda
5226,Martin Naughton
7459,Vadim Novinsky
7701,Sergei Petrov
2694,Carolyn Rafaelian
7552,Lawrence Rossy
6773,Alice Schwartz
2285,Martin Selig
1344,Sathien Setthasit
3696,Evan Sharp
6835,Ravindra Kishore Sinha
4321,Axel Stawski
5405,Beny Steinmetz
4912,Dirk Stroeer
8124,Sun Shangchuan
9047,Sam Tarascio
4930,Robert Toll
9392,Surin Upatkoon
8308,Alexander Vik
4059,Peter-Alexander Wacker
8495,Wang Jianyi
2970,V. Prem Watsa
1826,Sandy Weill
4854,Wen Pengcheng
1248,Wu Chung-Yi
4603,Yang Jianxin
8793,Yao Xinyi
7578,Zhao Xiaoqiang
9196,Zhou Liangzhang
1175,Zhu Xingming
9466,Zhuo Jun
2718,Olgun Zorlu
